image_path,object_name,state_name
cup_selected\000001.png,cup,1
cup_selected\000002.png,cup,2
cup_selected\000003.png,cup,2
cup_selected\000004.png,cup,1
cup_selected\000005.png,cup,0
cup_selected\000006.png,cup,2
cup_selected\000007.png,cup,0
cup_selected\000008.png,cup,1
cup_selected\000009.png,cup,1
cup_selected\000010.png,cup,2
cup_selected\000011.png,cup,2
cup_selected\000012.png,cup,2
cup_selected\000013.png,cup,2
cup_selected\000014.png,cup,1
cup_selected\000015.png,cup,2
cup_selected\000016.png,cup,1
cup_selected\000017.png,cup,2
cup_selected\000018.png,cup,2
cup_selected\000019.png,cup,2
cup_selected\000020.png,cup,0
cup_selected\000021.png,cup,2
cup_selected\000022.png,cup,1
cup_selected\000023.png,cup,2
cup_selected\000024.png,cup,0
cup_selected\000025.png,cup,1
cup_selected\000026.png,cup,2
cup_selected\000027.png,cup,1
cup_selected\000028.png,cup,2
cup_selected\000029.png,cup,2
cup_selected\000030.png,cup,1
cup_selected\000031.png,cup,0
cup_selected\000032.png,cup,2
cup_selected\000033.png,cup,2
cup_selected\000034.png,cup,1
cup_selected\000035.png,cup,1
cup_selected\000036.png,cup,1
cup_selected\000037.png,cup,1
cup_selected\000038.png,cup,1
cup_selected\000039.png,cup,2
cup_selected\000040.png,cup,1
cup_selected\000041.png,cup,1
cup_selected\000042.png,cup,1
cup_selected\000043.png,cup,0
cup_selected\000044.png,cup,1
cup_selected\000045.png,cup,2
cup_selected\000046.png,cup,0
cup_selected\000047.png,cup,2
cup_selected\000048.png,cup,2
cup_selected\000049.png,cup,1
cup_selected\000050.png,cup,1
cup_selected\000051.png,cup,2
cup_selected\000052.png,cup,1
cup_selected\000053.png,cup,0
cup_selected\000054.png,cup,2
cup_selected\000055.png,cup,1
cup_selected\000056.png,cup,1
cup_selected\000057.png,cup,2
cup_selected\000058.png,cup,1
cup_selected\000059.png,cup,1
cup_selected\000060.png,cup,1
cup_selected\000061.png,cup,1
cup_selected\000062.png,cup,1
cup_selected\000063.png,cup,0
cup_selected\000064.png,cup,1
cup_selected\000065.png,cup,1
cup_selected\000066.png,cup,0
cup_selected\000067.png,cup,1
cup_selected\000068.png,cup,2
cup_selected\000069.png,cup,1
cup_selected\000070.png,cup,0
cup_selected\000071.png,cup,0
cup_selected\000072.png,cup,2
cup_selected\000073.png,cup,1
cup_selected\000074.png,cup,2
cup_selected\000075.png,cup,1
cup_selected\000076.png,cup,2
cup_selected\000077.png,cup,1
cup_selected\000078.png,cup,1
cup_selected\000079.png,cup,0
cup_selected\000080.png,cup,1
cup_selected\000081.png,cup,2
cup_selected\000082.png,cup,1
cup_selected\000083.png,cup,2
cup_selected\000084.png,cup,1
cup_selected\000085.png,cup,2
cup_selected\000086.png,cup,2
cup_selected\000087.png,cup,2
cup_selected\000088.png,cup,1
cup_selected\000089.png,cup,1
cup_selected\000090.png,cup,0
cup_selected\000091.png,cup,2
cup_selected\000092.png,cup,2
cup_selected\000093.png,cup,1
cup_selected\000094.png,cup,1
cup_selected\000095.png,cup,1
cup_selected\000096.png,cup,2
cup_selected\000097.png,cup,1
cup_selected\000098.png,cup,1
cup_selected\000099.png,cup,1
cup_selected\000100.png,cup,1
cup_selected\000101.png,cup,1
cup_selected\000102.png,cup,2
cup_selected\000103.png,cup,2
cup_selected\000104.png,cup,1
cup_selected\000105.png,cup,1
cup_selected\000106.png,cup,1
cup_selected\000107.png,cup,1
cup_selected\000108.png,cup,1
cup_selected\000109.png,cup,1
cup_selected\000110.png,cup,2
cup_selected\000111.png,cup,0
cup_selected\000112.png,cup,1
cup_selected\000113.png,cup,1
cup_selected\000114.png,cup,1
cup_selected\000115.png,cup,0
cup_selected\000116.png,cup,2
cup_selected\000117.png,cup,1
cup_selected\000118.png,cup,1
cup_selected\000119.png,cup,2
cup_selected\000120.png,cup,2
cup_selected\000121.png,cup,2
cup_selected\000122.png,cup,1
cup_selected\000123.png,cup,1
cup_selected\000124.png,cup,1
cup_selected\000125.png,cup,2
cup_selected\000126.png,cup,1
cup_selected\000127.png,cup,0
cup_selected\000128.png,cup,0
cup_selected\000129.png,cup,2
cup_selected\000130.png,cup,2
cup_selected\000131.png,cup,1
cup_selected\000132.png,cup,1
cup_selected\000133.png,cup,2
cup_selected\000134.png,cup,2
cup_selected\000135.png,cup,1
cup_selected\000136.png,cup,2
cup_selected\000137.png,cup,1
cup_selected\000138.png,cup,1
cup_selected\000139.png,cup,2
cup_selected\000140.png,cup,2
cup_selected\000141.png,cup,0
cup_selected\000142.png,cup,1
cup_selected\000143.png,cup,1
cup_selected\000144.png,cup,1
cup_selected\000145.png,cup,1
cup_selected\000146.png,cup,2
cup_selected\000147.png,cup,1
cup_selected\000148.png,cup,1
cup_selected\000149.png,cup,2
cup_selected\000150.png,cup,0
cup_selected\000151.png,cup,2
cup_selected\000152.png,cup,1
cup_selected\000153.png,cup,1
cup_selected\000154.png,cup,2
cup_selected\000155.png,cup,0
cup_selected\000156.png,cup,2
cup_selected\000157.png,cup,0
cup_selected\000158.png,cup,0
cup_selected\000159.png,cup,2
cup_selected\000160.png,cup,0
cup_selected\000161.png,cup,1
cup_selected\000162.png,cup,1
cup_selected\000163.png,cup,1
cup_selected\000164.png,cup,1
cup_selected\000165.png,cup,1
cup_selected\000166.png,cup,2
cup_selected\000167.png,cup,1
cup_selected\000168.png,cup,2
cup_selected\000169.png,cup,1
cup_selected\000170.png,cup,2
cup_selected\000171.png,cup,2
cup_selected\000172.png,cup,0
cup_selected\000173.png,cup,2
cup_selected\000174.png,cup,1
cup_selected\000175.png,cup,1
cup_selected\000176.png,cup,1
cup_selected\000177.png,cup,1
cup_selected\000178.png,cup,1
cup_selected\000179.png,cup,2
cup_selected\000180.png,cup,1
cup_selected\000181.png,cup,1
cup_selected\000182.png,cup,1
cup_selected\000183.png,cup,2
cup_selected\000184.png,cup,2
cup_selected\000185.png,cup,2
cup_selected\000186.png,cup,2
cup_selected\000187.png,cup,1
cup_selected\000188.png,cup,2
cup_selected\000189.png,cup,0
cup_selected\000190.png,cup,1
cup_selected\000191.png,cup,2
cup_selected\000192.png,cup,1
cup_selected\000193.png,cup,1
cup_selected\000194.png,cup,1
cup_selected\000195.png,cup,1
cup_selected\000196.png,cup,1
cup_selected\000197.png,cup,1
cup_selected\000198.png,cup,1
cup_selected\000199.png,cup,2
cup_selected\000200.png,cup,2
cup_selected\000201.png,cup,0
cup_selected\000202.png,cup,2
cup_selected\000203.png,cup,1
cup_selected\000204.png,cup,2
cup_selected\000205.png,cup,2
cup_selected\000206.png,cup,0
cup_selected\000207.png,cup,1
cup_selected\000208.png,cup,1
cup_selected\000209.png,cup,0
cup_selected\000210.png,cup,1
cup_selected\000211.png,cup,2
cup_selected\000212.png,cup,2
cup_selected\000213.png,cup,2
cup_selected\000214.png,cup,1
cup_selected\000215.png,cup,0
cup_selected\000216.png,cup,0
cup_selected\000217.png,cup,0
cup_selected\000218.png,cup,1
cup_selected\000219.png,cup,2
cup_selected\000220.png,cup,2
cup_selected\000221.png,cup,0
cup_selected\000222.png,cup,2
cup_selected\000223.png,cup,2
cup_selected\000224.png,cup,2
cup_selected\000225.png,cup,1
cup_selected\000226.png,cup,1
cup_selected\000227.png,cup,2
cup_selected\000228.png,cup,2
cup_selected\000229.png,cup,2
cup_selected\000230.png,cup,0
cup_selected\000231.png,cup,0
cup_selected\000232.png,cup,2
cup_selected\000233.png,cup,2
cup_selected\000234.png,cup,0
cup_selected\000235.png,cup,1
cup_selected\000236.png,cup,1
cup_selected\000237.png,cup,2
cup_selected\000238.png,cup,1
cup_selected\000239.png,cup,2
cup_selected\000240.png,cup,2
cup_selected\000241.png,cup,1
cup_selected\000242.png,cup,2
cup_selected\000243.png,cup,2
cup_selected\000244.png,cup,1
cup_selected\000245.png,cup,2
cup_selected\000246.png,cup,2
cup_selected\000247.png,cup,1
cup_selected\000248.png,cup,2
cup_selected\000249.png,cup,0
cup_selected\000250.png,cup,1
cup_selected\000251.png,cup,1
cup_selected\000252.png,cup,2
cup_selected\000253.png,cup,1
cup_selected\000254.png,cup,0
cup_selected\000255.png,cup,0
cup_selected\000256.png,cup,1
cup_selected\000257.png,cup,1
cup_selected\000258.png,cup,1
cup_selected\000259.png,cup,2
cup_selected\000260.png,cup,2
cup_selected\000261.png,cup,2
cup_selected\000262.png,cup,1
cup_selected\000263.png,cup,1
cup_selected\000264.png,cup,1
cup_selected\000265.png,cup,2
cup_selected\000266.png,cup,1
cup_selected\000267.png,cup,0
cup_selected\000268.png,cup,0
cup_selected\000269.png,cup,2
cup_selected\000270.png,cup,2
cup_selected\000271.png,cup,0
cup_selected\000272.png,cup,0
cup_selected\000273.png,cup,1
cup_selected\000274.png,cup,1
cup_selected\000275.png,cup,1
cup_selected\000276.png,cup,0
cup_selected\000277.png,cup,1
cup_selected\000278.png,cup,2
cup_selected\000279.png,cup,1
cup_selected\000280.png,cup,1
cup_selected\000281.png,cup,2
cup_selected\000282.png,cup,1
cup_selected\000283.png,cup,1
cup_selected\000284.png,cup,2
cup_selected\000285.png,cup,1
cup_selected\000286.png,cup,1
cup_selected\000287.png,cup,1
cup_selected\000288.png,cup,1
cup_selected\000289.png,cup,1
cup_selected\000290.png,cup,0
cup_selected\000291.png,cup,1
cup_selected\000292.png,cup,2
cup_selected\000293.png,cup,2
cup_selected\000294.png,cup,2
cup_selected\000295.png,cup,2
cup_selected\000296.png,cup,0
cup_selected\000297.png,cup,2
cup_selected\000298.png,cup,0
cup_selected\000299.png,cup,1
cup_selected\000300.png,cup,1
cup_selected\000301.png,cup,2
cup_selected\000302.png,cup,2
cup_selected\000303.png,cup,2
cup_selected\000304.png,cup,2
cup_selected\000305.png,cup,2
cup_selected\000306.png,cup,2
cup_selected\000307.png,cup,1
cup_selected\000308.png,cup,1
cup_selected\000309.png,cup,1
cup_selected\000310.png,cup,2
cup_selected\000311.png,cup,0
cup_selected\000312.png,cup,1
cup_selected\000313.png,cup,0
cup_selected\000314.png,cup,2
cup_selected\000315.png,cup,2
cup_selected\000316.png,cup,2
cup_selected\000317.png,cup,1
cup_selected\000318.png,cup,1
cup_selected\000319.png,cup,1
cup_selected\000320.png,cup,1
cup_selected\000321.png,cup,1
cup_selected\000322.png,cup,1
cup_selected\000323.png,cup,2
cup_selected\000324.png,cup,1
cup_selected\000325.png,cup,0
cup_selected\000326.png,cup,0
cup_selected\000327.png,cup,1
cup_selected\000328.png,cup,2
cup_selected\000329.png,cup,2
cup_selected\000330.png,cup,2
cup_selected\000331.png,cup,0
cup_selected\000332.png,cup,0
cup_selected\000333.png,cup,2
cup_selected\000334.png,cup,1
cup_selected\000335.png,cup,2
cup_selected\000336.png,cup,0
cup_selected\000337.png,cup,2
cup_selected\000338.png,cup,1
cup_selected\000339.png,cup,1
cup_selected\000340.png,cup,1
cup_selected\000341.png,cup,2
cup_selected\000342.png,cup,1
cup_selected\000343.png,cup,1
cup_selected\000344.png,cup,2
cup_selected\000345.png,cup,0
cup_selected\000346.png,cup,1
cup_selected\000347.png,cup,2
cup_selected\000348.png,cup,2
cup_selected\000349.png,cup,1
cup_selected\000350.png,cup,0
cup_selected\000351.png,cup,2
cup_selected\000352.png,cup,1
cup_selected\000353.png,cup,2
cup_selected\000354.png,cup,2
cup_selected\000355.png,cup,2
cup_selected\000356.png,cup,2
cup_selected\000357.png,cup,2
cup_selected\000358.png,cup,1
cup_selected\000359.png,cup,1
cup_selected\000360.png,cup,2
cup_selected\000361.png,cup,0
cup_selected\000362.png,cup,0
cup_selected\000363.png,cup,0
cup_selected\000364.png,cup,1
cup_selected\000365.png,cup,0
cup_selected\000366.png,cup,2
cup_selected\000367.png,cup,0
cup_selected\000368.png,cup,0
cup_selected\000369.png,cup,2
cup_selected\000370.png,cup,0
cup_selected\000371.png,cup,1
cup_selected\000372.png,cup,1
cup_selected\000373.png,cup,2
cup_selected\000374.png,cup,0
cup_selected\000375.png,cup,2
cup_selected\000376.png,cup,1
cup_selected\000377.png,cup,0
cup_selected\000378.png,cup,2
cup_selected\000379.png,cup,1
cup_selected\000380.png,cup,0
cup_selected\000381.png,cup,2
cup_selected\000382.png,cup,1
cup_selected\000383.png,cup,2
cup_selected\000384.png,cup,2
cup_selected\000385.png,cup,2
cup_selected\000386.png,cup,1
cup_selected\000387.png,cup,0
cup_selected\000388.png,cup,1
cup_selected\000389.png,cup,1
cup_selected\000390.png,cup,0
cup_selected\000391.png,cup,1
cup_selected\000392.png,cup,1
cup_selected\000393.png,cup,2
cup_selected\000394.png,cup,1
cup_selected\000395.png,cup,1
cup_selected\000396.png,cup,1
cup_selected\000397.png,cup,2
cup_selected\000398.png,cup,2
cup_selected\000399.png,cup,1
cup_selected\000400.png,cup,2
cup_selected\000401.png,cup,1
cup_selected\000402.png,cup,2
cup_selected\000403.png,cup,2
cup_selected\000404.png,cup,1
cup_selected\000405.png,cup,0
cup_selected\000406.png,cup,2
cup_selected\000407.png,cup,1
cup_selected\000408.png,cup,2
cup_selected\000409.png,cup,0
cup_selected\000410.png,cup,2
cup_selected\000411.png,cup,0
cup_selected\000412.png,cup,1
cup_selected\000413.png,cup,1
cup_selected\000414.png,cup,2
cup_selected\000415.png,cup,2
cup_selected\000416.png,cup,2
cup_selected\000417.png,cup,1
cup_selected\000418.png,cup,1
cup_selected\000419.png,cup,0
cup_selected\000420.png,cup,2
cup_selected\000421.png,cup,0
cup_selected\000422.png,cup,2
cup_selected\000423.png,cup,2
cup_selected\000424.png,cup,2
cup_selected\000425.png,cup,1
cup_selected\000426.png,cup,1
cup_selected\000427.png,cup,1
cup_selected\000428.png,cup,1
cup_selected\000429.png,cup,1
cup_selected\000430.png,cup,2
cup_selected\000431.png,cup,1
cup_selected\000432.png,cup,2
cup_selected\000433.png,cup,2
cup_selected\000434.png,cup,2
cup_selected\000435.png,cup,1
cup_selected\000436.png,cup,2
cup_selected\000437.png,cup,1
cup_selected\000438.png,cup,1
cup_selected\000439.png,cup,1
cup_selected\000440.png,cup,1
cup_selected\000441.png,cup,2
cup_selected\000442.png,cup,2
cup_selected\000443.png,cup,1
cup_selected\000444.png,cup,1
cup_selected\000445.png,cup,1
cup_selected\000446.png,cup,2
cup_selected\000447.png,cup,1
cup_selected\000448.png,cup,1
cup_selected\000449.png,cup,2
cup_selected\000450.png,cup,2
cup_selected\000451.png,cup,1
cup_selected\000452.png,cup,2
cup_selected\000453.png,cup,1
cup_selected\000454.png,cup,1
cup_selected\000455.png,cup,2
cup_selected\000456.png,cup,2
cup_selected\000457.png,cup,2
cup_selected\000458.png,cup,2
cup_selected\000459.png,cup,2
cup_selected\000460.png,cup,2
cup_selected\000461.png,cup,1
cup_selected\000462.png,cup,0
cup_selected\000463.png,cup,1
cup_selected\000464.png,cup,0
cup_selected\000465.png,cup,1
cup_selected\000466.png,cup,1
cup_selected\000467.png,cup,1
cup_selected\000468.png,cup,0
cup_selected\000469.png,cup,0
cup_selected\000470.png,cup,1
cup_selected\000471.png,cup,1
cup_selected\000472.png,cup,1
cup_selected\000473.png,cup,2
cup_selected\000474.png,cup,2
cup_selected\000475.png,cup,2
cup_selected\000476.png,cup,2
cup_selected\000477.png,cup,1
cup_selected\000478.png,cup,1
cup_selected\000479.png,cup,2
cup_selected\000480.png,cup,1
cup_selected\000481.png,cup,1
cup_selected\000482.png,cup,1
cup_selected\000483.png,cup,1
cup_selected\000484.png,cup,2
cup_selected\000485.png,cup,2
cup_selected\000486.png,cup,0
cup_selected\000487.png,cup,0
cup_selected\000488.png,cup,2
cup_selected\000489.png,cup,2
cup_selected\000490.png,cup,1
cup_selected\000491.png,cup,0
cup_selected\000492.png,cup,2
cup_selected\000493.png,cup,1
cup_selected\000494.png,cup,1
cup_selected\000495.png,cup,1
cup_selected\000496.png,cup,2
cup_selected\000497.png,cup,2
cup_selected\000498.png,cup,2
cup_selected\000499.png,cup,2
cup_selected\000500.png,cup,1
cup_selected\000501.png,cup,0
cup_selected\000502.png,cup,2
cup_selected\000503.png,cup,1
cup_selected\000504.png,cup,2
cup_selected\000505.png,cup,1
cup_selected\000506.png,cup,2
cup_selected\000507.png,cup,1
cup_selected\000508.png,cup,1
cup_selected\000509.png,cup,1
cup_selected\000510.png,cup,2
cup_selected\000511.png,cup,1
cup_selected\000512.png,cup,2
cup_selected\000513.png,cup,0
cup_selected\000514.png,cup,1
cup_selected\000515.png,cup,1
cup_selected\000516.png,cup,1
cup_selected\000517.png,cup,1
cup_selected\000518.png,cup,1
cup_selected\000519.png,cup,2
cup_selected\000520.png,cup,1
cup_selected\000521.png,cup,2
cup_selected\000522.png,cup,1
cup_selected\000523.png,cup,0
cup_selected\000524.png,cup,1
cup_selected\000525.png,cup,1
cup_selected\000526.png,cup,1
cup_selected\000527.png,cup,1
cup_selected\000528.png,cup,1
cup_selected\000529.png,cup,1
cup_selected\000530.png,cup,2
cup_selected\000531.png,cup,2
cup_selected\000532.png,cup,2
cup_selected\000533.png,cup,0
cup_selected\000534.png,cup,2
cup_selected\000535.png,cup,1
cup_selected\000536.png,cup,1
cup_selected\000537.png,cup,2
cup_selected\000538.png,cup,2
cup_selected\000539.png,cup,2
cup_selected\000540.png,cup,2
cup_selected\000541.png,cup,2
cup_selected\000542.png,cup,2
cup_selected\000543.png,cup,2
cup_selected\000544.png,cup,1
cup_selected\000545.png,cup,1
cup_selected\000546.png,cup,2
cup_selected\000547.png,cup,1
cup_selected\000548.png,cup,1
cup_selected\000549.png,cup,1
cup_selected\000550.png,cup,1
cup_selected\000551.png,cup,0
cup_selected\000552.png,cup,0
cup_selected\000553.png,cup,0
cup_selected\000554.png,cup,0
cup_selected\000555.png,cup,1
cup_selected\000556.png,cup,1
cup_selected\000557.png,cup,1
cup_selected\000558.png,cup,1
cup_selected\000559.png,cup,0
cup_selected\000560.png,cup,2
cup_selected\000561.png,cup,1
cup_selected\000562.png,cup,2
cup_selected\000563.png,cup,2
cup_selected\000564.png,cup,1
cup_selected\000565.png,cup,1
cup_selected\000566.png,cup,1
cup_selected\000567.png,cup,1
cup_selected\000568.png,cup,1
cup_selected\000569.png,cup,2
cup_selected\000570.png,cup,1
cup_selected\000571.png,cup,1
cup_selected\000572.png,cup,1
cup_selected\000573.png,cup,1
cup_selected\000574.png,cup,1
cup_selected\000575.png,cup,0
cup_selected\000576.png,cup,2
cup_selected\000577.png,cup,2
cup_selected\000578.png,cup,1
cup_selected\000579.png,cup,1
cup_selected\000580.png,cup,1
cup_selected\000581.png,cup,2
cup_selected\000582.png,cup,2
cup_selected\000583.png,cup,1
cup_selected\000584.png,cup,0
cup_selected\000585.png,cup,1
cup_selected\000586.png,cup,1
cup_selected\000587.png,cup,0
cup_selected\000588.png,cup,1
cup_selected\000589.png,cup,1
cup_selected\000590.png,cup,1
cup_selected\000591.png,cup,2
cup_selected\000592.png,cup,2
cup_selected\000593.png,cup,0
cup_selected\000594.png,cup,2
cup_selected\000595.png,cup,1
cup_selected\000596.png,cup,1
cup_selected\000597.png,cup,2
cup_selected\000598.png,cup,2
cup_selected\000599.png,cup,2
cup_selected\000600.png,cup,1
cup_selected\000601.png,cup,1
cup_selected\000602.png,cup,0
cup_selected\000603.png,cup,2
cup_selected\000604.png,cup,1
cup_selected\000605.png,cup,1
cup_selected\000606.png,cup,0
cup_selected\000607.png,cup,2
cup_selected\000608.png,cup,1
cup_selected\000609.png,cup,1
cup_selected\000610.png,cup,2
cup_selected\000611.png,cup,2
cup_selected\000612.png,cup,2
cup_selected\000613.png,cup,1
cup_selected\000614.png,cup,1
cup_selected\000615.png,cup,1
cup_selected\000616.png,cup,2
cup_selected\000617.png,cup,0
cup_selected\000618.png,cup,2
cup_selected\000619.png,cup,1
cup_selected\000620.png,cup,2
cup_selected\000621.png,cup,0
cup_selected\000622.png,cup,2
cup_selected\000623.png,cup,0
cup_selected\000624.png,cup,2
cup_selected\000625.png,cup,1
cup_selected\000626.png,cup,2
cup_selected\000627.png,cup,0
cup_selected\000628.png,cup,2
cup_selected\000629.png,cup,2
cup_selected\000630.png,cup,2
cup_selected\000631.png,cup,1
cup_selected\000632.png,cup,2
cup_selected\000633.png,cup,1
cup_selected\000634.png,cup,1
cup_selected\000635.png,cup,2
cup_selected\000636.png,cup,1
cup_selected\000637.png,cup,0
cup_selected\000638.png,cup,1
cup_selected\000639.png,cup,1
cup_selected\000640.png,cup,1
cup_selected\000641.png,cup,1
cup_selected\000642.png,cup,1
cup_selected\000643.png,cup,0
cup_selected\000644.png,cup,1
cup_selected\000645.png,cup,1
cup_selected\000646.png,cup,0
cup_selected\000647.png,cup,2
cup_selected\000648.png,cup,2
cup_selected\000649.png,cup,1
cup_selected\000650.png,cup,2
cup_selected\000651.png,cup,0
cup_selected\000652.png,cup,2
cup_selected\000653.png,cup,2
cup_selected\000654.png,cup,1
cup_selected\000655.png,cup,0
cup_selected\000656.png,cup,0
cup_selected\000657.png,cup,1
cup_selected\000658.png,cup,0
cup_selected\000659.png,cup,1
cup_selected\000660.png,cup,1
cup_selected\000661.png,cup,1
cup_selected\000662.png,cup,2
cup_selected\000663.png,cup,2
cup_selected\000664.png,cup,1
cup_selected\000665.png,cup,1
cup_selected\000666.png,cup,1
cup_selected\000667.png,cup,2
cup_selected\000668.png,cup,2
cup_selected\000669.png,cup,1
cup_selected\000670.png,cup,1
cup_selected\000671.png,cup,2
cup_selected\000672.png,cup,2
cup_selected\000673.png,cup,2
cup_selected\000674.png,cup,1
cup_selected\000675.png,cup,0
cup_selected\000676.png,cup,1
cup_selected\000677.png,cup,2
cup_selected\000678.png,cup,2
cup_selected\000679.png,cup,2
cup_selected\000680.png,cup,2
cup_selected\000681.png,cup,1
cup_selected\000682.png,cup,2
cup_selected\000683.png,cup,1
cup_selected\000684.png,cup,1
cup_selected\000685.png,cup,1
cup_selected\000686.png,cup,2
cup_selected\000687.png,cup,1
cup_selected\000688.png,cup,0
cup_selected\000689.png,cup,1
cup_selected\000690.png,cup,1
cup_selected\000691.png,cup,1
cup_selected\000692.png,cup,0
cup_selected\000693.png,cup,1
cup_selected\000694.png,cup,1
cup_selected\000695.png,cup,1
cup_selected\000696.png,cup,0
cup_selected\000697.png,cup,2
cup_selected\000698.png,cup,2
cup_selected\000699.png,cup,1
cup_selected\000700.png,cup,1
cup_selected\000701.png,cup,0
cup_selected\000702.png,cup,2
cup_selected\000703.png,cup,1
cup_selected\000704.png,cup,1
cup_selected\000705.png,cup,1
cup_selected\000706.png,cup,2
cup_selected\000707.png,cup,0
cup_selected\000708.png,cup,2
cup_selected\000709.png,cup,2
cup_selected\000710.png,cup,1
cup_selected\000711.png,cup,2
cup_selected\000712.png,cup,1
cup_selected\000713.png,cup,2
cup_selected\000714.png,cup,2
cup_selected\000715.png,cup,2
cup_selected\000716.png,cup,1
cup_selected\000717.png,cup,1
cup_selected\000718.png,cup,2
cup_selected\000719.png,cup,0
cup_selected\000720.png,cup,2
cup_selected\000721.png,cup,1
cup_selected\000722.png,cup,2
cup_selected\000723.png,cup,0
cup_selected\000724.png,cup,0
cup_selected\000725.png,cup,1
cup_selected\000726.png,cup,1
cup_selected\000727.png,cup,1
cup_selected\000728.png,cup,1
cup_selected\000729.png,cup,1
cup_selected\000730.png,cup,2
cup_selected\000731.png,cup,2
cup_selected\000732.png,cup,0
cup_selected\000733.png,cup,0
cup_selected\000734.png,cup,1
cup_selected\000735.png,cup,0
cup_selected\000736.png,cup,1
cup_selected\000737.png,cup,1
cup_selected\000738.png,cup,0
cup_selected\000739.png,cup,2
cup_selected\000740.png,cup,2
cup_selected\000741.png,cup,0
cup_selected\000742.png,cup,0
cup_selected\000743.png,cup,1
cup_selected\000744.png,cup,2
cup_selected\000745.png,cup,2
cup_selected\000746.png,cup,1
cup_selected\000747.png,cup,0
cup_selected\000748.png,cup,2
cup_selected\000749.png,cup,2
cup_selected\000750.png,cup,0
cup_selected\000751.png,cup,1
cup_selected\000752.png,cup,1
cup_selected\000753.png,cup,2
cup_selected\000754.png,cup,0
cup_selected\000755.png,cup,2
cup_selected\000756.png,cup,1
cup_selected\000757.png,cup,0
cup_selected\000758.png,cup,0
cup_selected\000759.png,cup,1
cup_selected\000760.png,cup,2
cup_selected\000761.png,cup,1
cup_selected\000762.png,cup,2
cup_selected\000763.png,cup,0
cup_selected\000764.png,cup,1
cup_selected\000765.png,cup,1
cup_selected\000766.png,cup,1
cup_selected\000767.png,cup,1
cup_selected\000768.png,cup,1
cup_selected\000769.png,cup,1
cup_selected\000770.png,cup,1
cup_selected\000771.png,cup,2
cup_selected\000772.png,cup,2
cup_selected\000773.png,cup,1
cup_selected\000774.png,cup,1
cup_selected\000775.png,cup,1
cup_selected\000776.png,cup,1
cup_selected\000777.png,cup,0
cup_selected\000778.png,cup,1
cup_selected\000779.png,cup,2
cup_selected\000780.png,cup,2
cup_selected\000781.png,cup,2
cup_selected\000782.png,cup,1
cup_selected\000783.png,cup,1
cup_selected\000784.png,cup,2
cup_selected\000785.png,cup,2
cup_selected\000786.png,cup,2
cup_selected\000787.png,cup,1
cup_selected\000788.png,cup,1
cup_selected\000789.png,cup,0
cup_selected\000790.png,cup,1
cup_selected\000791.png,cup,2
cup_selected\000792.png,cup,2
cup_selected\000793.png,cup,1
cup_selected\000794.png,cup,2
cup_selected\000795.png,cup,1
cup_selected\000796.png,cup,1
cup_selected\000797.png,cup,1
cup_selected\000798.png,cup,1
cup_selected\000799.png,cup,2
cup_selected\000800.png,cup,1
cup_selected\000801.png,cup,2
cup_selected\000802.png,cup,2
cup_selected\000803.png,cup,2
cup_selected\000804.png,cup,2
cup_selected\000805.png,cup,2
cup_selected\000806.png,cup,2
cup_selected\000807.png,cup,2
cup_selected\000808.png,cup,1
cup_selected\000809.png,cup,0
cup_selected\000810.png,cup,2
cup_selected\000811.png,cup,2
cup_selected\000812.png,cup,2
cup_selected\000813.png,cup,2
cup_selected\000814.png,cup,1
cup_selected\000815.png,cup,0
cup_selected\000816.png,cup,0
cup_selected\000817.png,cup,2
cup_selected\000818.png,cup,2
cup_selected\000819.png,cup,0
cup_selected\000820.png,cup,1
cup_selected\000821.png,cup,1
cup_selected\000822.png,cup,2
cup_selected\000823.png,cup,2
cup_selected\000824.png,cup,2
cup_selected\000825.png,cup,2
cup_selected\000826.png,cup,2
cup_selected\000827.png,cup,2
cup_selected\000828.png,cup,1
cup_selected\000829.png,cup,1
cup_selected\000830.png,cup,0
cup_selected\000831.png,cup,2
cup_selected\000832.png,cup,1
cup_selected\000833.png,cup,2
cup_selected\000834.png,cup,2
cup_selected\000835.png,cup,2
cup_selected\000836.png,cup,1
cup_selected\000837.png,cup,1
cup_selected\000838.png,cup,2
cup_selected\000839.png,cup,1
cup_selected\000840.png,cup,1
cup_selected\000841.png,cup,1
cup_selected\000842.png,cup,1
cup_selected\000843.png,cup,2
cup_selected\000844.png,cup,0
cup_selected\000845.png,cup,2
cup_selected\000846.png,cup,1
cup_selected\000847.png,cup,0
cup_selected\000848.png,cup,2
cup_selected\000849.png,cup,1
cup_selected\000850.png,cup,1
cup_selected\000851.png,cup,2
cup_selected\000852.png,cup,1
cup_selected\000853.png,cup,1
cup_selected\000854.png,cup,2
cup_selected\000855.png,cup,2
cup_selected\000856.png,cup,2
cup_selected\000857.png,cup,1
cup_selected\000858.png,cup,2
cup_selected\000859.png,cup,2
cup_selected\000860.png,cup,1
cup_selected\000861.png,cup,2
cup_selected\000862.png,cup,1
cup_selected\000863.png,cup,1
cup_selected\000864.png,cup,0
cup_selected\000865.png,cup,2
cup_selected\000866.png,cup,2
cup_selected\000867.png,cup,1
cup_selected\000868.png,cup,2
cup_selected\000869.png,cup,1
cup_selected\000870.png,cup,1
cup_selected\000871.png,cup,0
cup_selected\000872.png,cup,2
cup_selected\000873.png,cup,1
cup_selected\000874.png,cup,2
cup_selected\000875.png,cup,2
cup_selected\000876.png,cup,2
cup_selected\000877.png,cup,2
cup_selected\000878.png,cup,2
cup_selected\000879.png,cup,2
cup_selected\000880.png,cup,2
cup_selected\000881.png,cup,1
cup_selected\000882.png,cup,2
cup_selected\000883.png,cup,1
cup_selected\000884.png,cup,1
cup_selected\000885.png,cup,1
cup_selected\000886.png,cup,2
cup_selected\000887.png,cup,1
cup_selected\000888.png,cup,2
cup_selected\000889.png,cup,1
cup_selected\000890.png,cup,0
cup_selected\000891.png,cup,2
cup_selected\000892.png,cup,2
cup_selected\000893.png,cup,2
cup_selected\000894.png,cup,1
cup_selected\000895.png,cup,1
cup_selected\000896.png,cup,1
cup_selected\000897.png,cup,2
cup_selected\000898.png,cup,1
cup_selected\000899.png,cup,1
cup_selected\000900.png,cup,1
cup_selected\000901.png,cup,2
cup_selected\000902.png,cup,2
cup_selected\000903.png,cup,2
cup_selected\000904.png,cup,2
cup_selected\000905.png,cup,2
cup_selected\000906.png,cup,1
cup_selected\000907.png,cup,1
cup_selected\000908.png,cup,2
cup_selected\000909.png,cup,2
cup_selected\000910.png,cup,2
cup_selected\000911.png,cup,2
cup_selected\000912.png,cup,2
cup_selected\000913.png,cup,1
cup_selected\000914.png,cup,2
cup_selected\000915.png,cup,1
cup_selected\000916.png,cup,1
cup_selected\000917.png,cup,1
cup_selected\000918.png,cup,2
cup_selected\000919.png,cup,1
cup_selected\000920.png,cup,1
cup_selected\000921.png,cup,0
cup_selected\000922.png,cup,0
cup_selected\000923.png,cup,0
cup_selected\000924.png,cup,1
cup_selected\000925.png,cup,1
cup_selected\000926.png,cup,1
cup_selected\000927.png,cup,1
cup_selected\000928.png,cup,2
cup_selected\000929.png,cup,2
cup_selected\000930.png,cup,2
cup_selected\000931.png,cup,2
cup_selected\000932.png,cup,1
cup_selected\000933.png,cup,0
cup_selected\000934.png,cup,2
cup_selected\000935.png,cup,1
cup_selected\000936.png,cup,2
cup_selected\000937.png,cup,2
cup_selected\000938.png,cup,0
cup_selected\000939.png,cup,1
cup_selected\000940.png,cup,2
cup_selected\000941.png,cup,2
cup_selected\000942.png,cup,2
cup_selected\000943.png,cup,2
cup_selected\000944.png,cup,1
cup_selected\000945.png,cup,1
cup_selected\000946.png,cup,1
cup_selected\000947.png,cup,1
cup_selected\000948.png,cup,1
cup_selected\000949.png,cup,1
cup_selected\000950.png,cup,1
cup_selected\000951.png,cup,0
cup_selected\000952.png,cup,1
cup_selected\000953.png,cup,2
cup_selected\000954.png,cup,1
cup_selected\000955.png,cup,2
cup_selected\000956.png,cup,1
cup_selected\000957.png,cup,2
cup_selected\000958.png,cup,2
cup_selected\000959.png,cup,1
cup_selected\000960.png,cup,1
cup_selected\000961.png,cup,0
cup_selected\000962.png,cup,0
cup_selected\000963.png,cup,2
cup_selected\000964.png,cup,2
cup_selected\000965.png,cup,2
cup_selected\000966.png,cup,1
cup_selected\000967.png,cup,1
cup_selected\000968.png,cup,2
cup_selected\000969.png,cup,0
cup_selected\000970.png,cup,2
cup_selected\000971.png,cup,1
cup_selected\000972.png,cup,2
cup_selected\000973.png,cup,1
cup_selected\000974.png,cup,2
cup_selected\000975.png,cup,2
cup_selected\000976.png,cup,1
cup_selected\000977.png,cup,2
cup_selected\000978.png,cup,1
cup_selected\000979.png,cup,0
cup_selected\000980.png,cup,1
cup_selected\000981.png,cup,1
cup_selected\000982.png,cup,2
cup_selected\000983.png,cup,1
cup_selected\000984.png,cup,1
cup_selected\000985.png,cup,1
cup_selected\000986.png,cup,1
cup_selected\000987.png,cup,2
cup_selected\000988.png,cup,0
cup_selected\000989.png,cup,1
cup_selected\000990.png,cup,1
cup_selected\000991.png,cup,2
cup_selected\000992.png,cup,2
cup_selected\000993.png,cup,0
cup_selected\000994.png,cup,2
cup_selected\000995.png,cup,2
cup_selected\000996.png,cup,0
cup_selected\000997.png,cup,1
cup_selected\000998.png,cup,1
cup_selected\000999.png,cup,0
cup_selected\001000.png,cup,1
cup_selected\001001.png,cup,0
cup_selected\001002.png,cup,2
cup_selected\001003.png,cup,1
cup_selected\001004.png,cup,0
cup_selected\001005.png,cup,1
cup_selected\001006.png,cup,0
cup_selected\001007.png,cup,1
cup_selected\001008.png,cup,2
cup_selected\001009.png,cup,1
cup_selected\001010.png,cup,1
cup_selected\001011.png,cup,2
cup_selected\001012.png,cup,2
cup_selected\001013.png,cup,1
cup_selected\001014.png,cup,1
cup_selected\001015.png,cup,2
cup_selected\001016.png,cup,0
cup_selected\001017.png,cup,2
cup_selected\001018.png,cup,2
cup_selected\001019.png,cup,1
cup_selected\001020.png,cup,0
cup_selected\001021.png,cup,2
cup_selected\001022.png,cup,1
cup_selected\001023.png,cup,2
cup_selected\001024.png,cup,2
cup_selected\001025.png,cup,1
cup_selected\001026.png,cup,0
cup_selected\001027.png,cup,1
cup_selected\001028.png,cup,2
cup_selected\001029.png,cup,1
cup_selected\001030.png,cup,2
cup_selected\001031.png,cup,0
cup_selected\001032.png,cup,1
cup_selected\001033.png,cup,1
cup_selected\001034.png,cup,1
cup_selected\001035.png,cup,1
cup_selected\001036.png,cup,2
cup_selected\001037.png,cup,1
cup_selected\001038.png,cup,2
cup_selected\001039.png,cup,2
cup_selected\001040.png,cup,1
cup_selected\001041.png,cup,2
cup_selected\001042.png,cup,1
cup_selected\001043.png,cup,2
cup_selected\001044.png,cup,1
cup_selected\001045.png,cup,1
cup_selected\001046.png,cup,2
cup_selected\001047.png,cup,1
cup_selected\001048.png,cup,1
cup_selected\001049.png,cup,1
cup_selected\001050.png,cup,2
cup_selected\001051.png,cup,1
cup_selected\001052.png,cup,1
cup_selected\001053.png,cup,2
cup_selected\001054.png,cup,2
cup_selected\001055.png,cup,1
cup_selected\001056.png,cup,2
cup_selected\001057.png,cup,1
cup_selected\001058.png,cup,2
cup_selected\001059.png,cup,1
cup_selected\001060.png,cup,2
cup_selected\001061.png,cup,1
cup_selected\001062.png,cup,1
cup_selected\001063.png,cup,1
cup_selected\001064.png,cup,2
cup_selected\001065.png,cup,0
cup_selected\001066.png,cup,1
cup_selected\001067.png,cup,0
cup_selected\001068.png,cup,2
cup_selected\001069.png,cup,2
cup_selected\001070.png,cup,1
cup_selected\001071.png,cup,0
cup_selected\001072.png,cup,2
cup_selected\001073.png,cup,0
cup_selected\001074.png,cup,2
cup_selected\001075.png,cup,1
cup_selected\001076.png,cup,2
cup_selected\001077.png,cup,2
cup_selected\001078.png,cup,1
cup_selected\001079.png,cup,0
cup_selected\001080.png,cup,2
cup_selected\001081.png,cup,2
cup_selected\001082.png,cup,1
cup_selected\001083.png,cup,1
cup_selected\001084.png,cup,2
cup_selected\001085.png,cup,1
cup_selected\001086.png,cup,1
cup_selected\001087.png,cup,1
cup_selected\001088.png,cup,0
cup_selected\001089.png,cup,1
cup_selected\001090.png,cup,1
cup_selected\001091.png,cup,1
cup_selected\001092.png,cup,2
cup_selected\001093.png,cup,1
cup_selected\001094.png,cup,1
cup_selected\001095.png,cup,1
cup_selected\001096.png,cup,1
cup_selected\001097.png,cup,1
cup_selected\001098.png,cup,2
cup_selected\001099.png,cup,1
cup_selected\001100.png,cup,1
cup_selected\001101.png,cup,0
cup_selected\001102.png,cup,0
cup_selected\001103.png,cup,1
cup_selected\001104.png,cup,2
cup_selected\001105.png,cup,0
cup_selected\001106.png,cup,0
cup_selected\001107.png,cup,2
cup_selected\001108.png,cup,1
cup_selected\001109.png,cup,0
cup_selected\001110.png,cup,1
cup_selected\001111.png,cup,2
cup_selected\001112.png,cup,2
cup_selected\001113.png,cup,2
cup_selected\001114.png,cup,1
cup_selected\001115.png,cup,0
cup_selected\001116.png,cup,1
cup_selected\001117.png,cup,1
cup_selected\001118.png,cup,2
cup_selected\001119.png,cup,1
cup_selected\001120.png,cup,0
cup_selected\001121.png,cup,1
cup_selected\001122.png,cup,2
cup_selected\001123.png,cup,1
cup_selected\001124.png,cup,1
cup_selected\001125.png,cup,1
cup_selected\001126.png,cup,2
cup_selected\001127.png,cup,2
cup_selected\001128.png,cup,1
cup_selected\001129.png,cup,2
cup_selected\001130.png,cup,1
cup_selected\001131.png,cup,1
cup_selected\001132.png,cup,1
cup_selected\001133.png,cup,2
cup_selected\001134.png,cup,2
cup_selected\001135.png,cup,2
cup_selected\001136.png,cup,2
cup_selected\001137.png,cup,2
cup_selected\001138.png,cup,2
cup_selected\001139.png,cup,2
cup_selected\001140.png,cup,2
cup_selected\001141.png,cup,1
cup_selected\001142.png,cup,2
cup_selected\001143.png,cup,1
cup_selected\001144.png,cup,1
cup_selected\001145.png,cup,1
cup_selected\001146.png,cup,2
cup_selected\001147.png,cup,1
cup_selected\001148.png,cup,1
cup_selected\001149.png,cup,2
cup_selected\001150.png,cup,2
cup_selected\001151.png,cup,1
cup_selected\001152.png,cup,1
cup_selected\001153.png,cup,1
cup_selected\001154.png,cup,1
cup_selected\001155.png,cup,2
cup_selected\001156.png,cup,1
cup_selected\001157.png,cup,2
cup_selected\001158.png,cup,0
cup_selected\001159.png,cup,2
cup_selected\001160.png,cup,2
cup_selected\001161.png,cup,0
cup_selected\001162.png,cup,1
cup_selected\001163.png,cup,2
cup_selected\001164.png,cup,1
cup_selected\001165.png,cup,0
cup_selected\001166.png,cup,2
cup_selected\001167.png,cup,0
cup_selected\001168.png,cup,2
cup_selected\001169.png,cup,2
cup_selected\001170.png,cup,1
cup_selected\001171.png,cup,2
cup_selected\001172.png,cup,2
cup_selected\001173.png,cup,1
cup_selected\001174.png,cup,1
cup_selected\001175.png,cup,2
cup_selected\001176.png,cup,2
cup_selected\001177.png,cup,0
cup_selected\001178.png,cup,2
cup_selected\001179.png,cup,2
cup_selected\001180.png,cup,2
cup_selected\001181.png,cup,2
cup_selected\001182.png,cup,1
cup_selected\001183.png,cup,1
cup_selected\001184.png,cup,2
cup_selected\001185.png,cup,2
cup_selected\001186.png,cup,1
cup_selected\001187.png,cup,2
cup_selected\001188.png,cup,2
cup_selected\001189.png,cup,2
cup_selected\001190.png,cup,2
cup_selected\001191.png,cup,2
cup_selected\001192.png,cup,2
cup_selected\001193.png,cup,2
cup_selected\001194.png,cup,2
cup_selected\001195.png,cup,1
cup_selected\001196.png,cup,2
cup_selected\001197.png,cup,2
cup_selected\001198.png,cup,1
cup_selected\001199.png,cup,2
cup_selected\001200.png,cup,1
cup_selected\001201.png,cup,1
cup_selected\001202.png,cup,1
cup_selected\001203.png,cup,2
cup_selected\001204.png,cup,2
cup_selected\001205.png,cup,1
cup_selected\001206.png,cup,0
cup_selected\001207.png,cup,2
cup_selected\001208.png,cup,2
cup_selected\001209.png,cup,1
cup_selected\001210.png,cup,2
cup_selected\001211.png,cup,2
cup_selected\001212.png,cup,1
cup_selected\001213.png,cup,2
cup_selected\001214.png,cup,2
cup_selected\001215.png,cup,1
cup_selected\001216.png,cup,2
cup_selected\001217.png,cup,1
cup_selected\001218.png,cup,1
cup_selected\001219.png,cup,2
cup_selected\001220.png,cup,1
cup_selected\001221.png,cup,2
cup_selected\001222.png,cup,2
cup_selected\001223.png,cup,2
cup_selected\001224.png,cup,2
cup_selected\001225.png,cup,2
cup_selected\001226.png,cup,1
cup_selected\001227.png,cup,1
cup_selected\001228.png,cup,1
cup_selected\001229.png,cup,2
cup_selected\001230.png,cup,1
cup_selected\001231.png,cup,2
cup_selected\001232.png,cup,2
cup_selected\001233.png,cup,2
cup_selected\001234.png,cup,1
cup_selected\001235.png,cup,1
cup_selected\001236.png,cup,2
cup_selected\001237.png,cup,2
cup_selected\001238.png,cup,1
cup_selected\001239.png,cup,0
cup_selected\001240.png,cup,2
cup_selected\001241.png,cup,0
cup_selected\001242.png,cup,1
cup_selected\001243.png,cup,2
cup_selected\001244.png,cup,2
cup_selected\001245.png,cup,2
cup_selected\001246.png,cup,2
cup_selected\001247.png,cup,2
cup_selected\001248.png,cup,2
cup_selected\001249.png,cup,1
cup_selected\001250.png,cup,2
cup_selected\001251.png,cup,1
cup_selected\001252.png,cup,2
cup_selected\001253.png,cup,1
cup_selected\001254.png,cup,1
cup_selected\001255.png,cup,0
cup_selected\001256.png,cup,2
cup_selected\001257.png,cup,2
cup_selected\001258.png,cup,1
cup_selected\001259.png,cup,2
cup_selected\001260.png,cup,2
cup_selected\001261.png,cup,0
cup_selected\001262.png,cup,2
cup_selected\001263.png,cup,2
cup_selected\001264.png,cup,1
cup_selected\001265.png,cup,1
cup_selected\001266.png,cup,2
cup_selected\001267.png,cup,1
cup_selected\001268.png,cup,1
cup_selected\001269.png,cup,1
cup_selected\001270.png,cup,2
cup_selected\001271.png,cup,1
cup_selected\001272.png,cup,1
cup_selected\001273.png,cup,2
cup_selected\001274.png,cup,1
cup_selected\001275.png,cup,0
cup_selected\001276.png,cup,2
cup_selected\001277.png,cup,2
cup_selected\001278.png,cup,1
cup_selected\001279.png,cup,1
cup_selected\001280.png,cup,2
cup_selected\001281.png,cup,1
cup_selected\001282.png,cup,2
cup_selected\001283.png,cup,1
cup_selected\001284.png,cup,1
cup_selected\001285.png,cup,0
cup_selected\001286.png,cup,0
cup_selected\001287.png,cup,1
cup_selected\001288.png,cup,2
cup_selected\001289.png,cup,1
cup_selected\001290.png,cup,1
cup_selected\001291.png,cup,1
cup_selected\001292.png,cup,2
cup_selected\001293.png,cup,1
cup_selected\001294.png,cup,2
cup_selected\001295.png,cup,0
cup_selected\001296.png,cup,1
cup_selected\001297.png,cup,2
cup_selected\001298.png,cup,2
cup_selected\001299.png,cup,1
cup_selected\001300.png,cup,1
cup_selected\001301.png,cup,2
cup_selected\001302.png,cup,2
cup_selected\001303.png,cup,2
cup_selected\001304.png,cup,1
cup_selected\001305.png,cup,2
cup_selected\001306.png,cup,1
cup_selected\001307.png,cup,1
cup_selected\001308.png,cup,1
cup_selected\001309.png,cup,2
cup_selected\001310.png,cup,1
cup_selected\001311.png,cup,2
cup_selected\001312.png,cup,2
cup_selected\001313.png,cup,0
cup_selected\001314.png,cup,1
cup_selected\001315.png,cup,1
cup_selected\001316.png,cup,1
cup_selected\001317.png,cup,2
cup_selected\001318.png,cup,0
cup_selected\001319.png,cup,2
cup_selected\001320.png,cup,2
cup_selected\001321.png,cup,1
cup_selected\001322.png,cup,2
cup_selected\001323.png,cup,1
cup_selected\001324.png,cup,2
cup_selected\001325.png,cup,2
cup_selected\001326.png,cup,1
cup_selected\001327.png,cup,0
cup_selected\001328.png,cup,1
cup_selected\001329.png,cup,2
cup_selected\001330.png,cup,2
cup_selected\001331.png,cup,1
cup_selected\001332.png,cup,2
cup_selected\001333.png,cup,1
cup_selected\001334.png,cup,0
cup_selected\001335.png,cup,2
cup_selected\001336.png,cup,1
cup_selected\001337.png,cup,1
cup_selected\001338.png,cup,0
cup_selected\001339.png,cup,2
cup_selected\001340.png,cup,1
cup_selected\001341.png,cup,1
cup_selected\001342.png,cup,1
cup_selected\001343.png,cup,2
cup_selected\001344.png,cup,2
cup_selected\001345.png,cup,2
cup_selected\001346.png,cup,2
cup_selected\001347.png,cup,2
cup_selected\001348.png,cup,1
cup_selected\001349.png,cup,0
cup_selected\001350.png,cup,2
cup_selected\001351.png,cup,2
cup_selected\001352.png,cup,2
cup_selected\001353.png,cup,2
cup_selected\001354.png,cup,1
cup_selected\001355.png,cup,1
cup_selected\001356.png,cup,2
cup_selected\001357.png,cup,2
cup_selected\001358.png,cup,1
cup_selected\001359.png,cup,2
cup_selected\001360.png,cup,1
cup_selected\001361.png,cup,2
cup_selected\001362.png,cup,1
cup_selected\001363.png,cup,1
cup_selected\001364.png,cup,2
cup_selected\001365.png,cup,1
cup_selected\001366.png,cup,1
cup_selected\001367.png,cup,0
cup_selected\001368.png,cup,2
cup_selected\001369.png,cup,2
cup_selected\001370.png,cup,1
cup_selected\001371.png,cup,2
cup_selected\001372.png,cup,2
cup_selected\001373.png,cup,0
cup_selected\001374.png,cup,2
cup_selected\001375.png,cup,0
cup_selected\001376.png,cup,2
cup_selected\001377.png,cup,1
cup_selected\001378.png,cup,2
cup_selected\001379.png,cup,0
cup_selected\001380.png,cup,1
cup_selected\001381.png,cup,1
cup_selected\001382.png,cup,2
cup_selected\001383.png,cup,2
cup_selected\001384.png,cup,1
cup_selected\001385.png,cup,0
cup_selected\001386.png,cup,1
cup_selected\001387.png,cup,1
cup_selected\001388.png,cup,0
cup_selected\001389.png,cup,1
cup_selected\001390.png,cup,1
cup_selected\001391.png,cup,0
cup_selected\001392.png,cup,2
cup_selected\001393.png,cup,1
cup_selected\001394.png,cup,2
cup_selected\001395.png,cup,1
cup_selected\001396.png,cup,2
cup_selected\001397.png,cup,0
cup_selected\001398.png,cup,2
cup_selected\001399.png,cup,1
cup_selected\001400.png,cup,2
cup_selected\001401.png,cup,1
cup_selected\001402.png,cup,1
cup_selected\001403.png,cup,0
cup_selected\001404.png,cup,2
cup_selected\001405.png,cup,0
cup_selected\001406.png,cup,2
cup_selected\001407.png,cup,1
cup_selected\001408.png,cup,2
cup_selected\001409.png,cup,2
cup_selected\001410.png,cup,1
cup_selected\001411.png,cup,1
cup_selected\001412.png,cup,1
cup_selected\001413.png,cup,1
cup_selected\001414.png,cup,1
cup_selected\001415.png,cup,2
cup_selected\001416.png,cup,0
cup_selected\001417.png,cup,1
cup_selected\001418.png,cup,0
cup_selected\001419.png,cup,2
cup_selected\001420.png,cup,0
cup_selected\001421.png,cup,2
cup_selected\001422.png,cup,1
cup_selected\001423.png,cup,1
cup_selected\001424.png,cup,1
cup_selected\001425.png,cup,2
cup_selected\001426.png,cup,1
cup_selected\001427.png,cup,2
cup_selected\001428.png,cup,2
cup_selected\001429.png,cup,0
cup_selected\001430.png,cup,2
cup_selected\001431.png,cup,0
cup_selected\001432.png,cup,2
cup_selected\001433.png,cup,1
cup_selected\001434.png,cup,2
cup_selected\001435.png,cup,1
cup_selected\001436.png,cup,1
cup_selected\001437.png,cup,1
cup_selected\001438.png,cup,1
cup_selected\001439.png,cup,2
cup_selected\001440.png,cup,0
cup_selected\001441.png,cup,2
cup_selected\001442.png,cup,1
cup_selected\001443.png,cup,1
cup_selected\001444.png,cup,2
cup_selected\001445.png,cup,0
cup_selected\001446.png,cup,1
cup_selected\001447.png,cup,2
cup_selected\001448.png,cup,2
cup_selected\001449.png,cup,2
cup_selected\001450.png,cup,2
cup_selected\001451.png,cup,2
cup_selected\001452.png,cup,2
cup_selected\001453.png,cup,0
cup_selected\001454.png,cup,1
cup_selected\001455.png,cup,1
cup_selected\001456.png,cup,1
cup_selected\001457.png,cup,1
cup_selected\001458.png,cup,1
cup_selected\001459.png,cup,0
cup_selected\001460.png,cup,2
cup_selected\001461.png,cup,0
cup_selected\001462.png,cup,0
cup_selected\001463.png,cup,1
cup_selected\001464.png,cup,1
cup_selected\001465.png,cup,2
cup_selected\001466.png,cup,2
cup_selected\001467.png,cup,0
cup_selected\001468.png,cup,1
cup_selected\001469.png,cup,2
cup_selected\001470.png,cup,1
cup_selected\001471.png,cup,1
cup_selected\001472.png,cup,2
cup_selected\001473.png,cup,1
cup_selected\001474.png,cup,2
cup_selected\001475.png,cup,1
cup_selected\001476.png,cup,1
cup_selected\001477.png,cup,1
cup_selected\001478.png,cup,1
cup_selected\001479.png,cup,2
cup_selected\001480.png,cup,1
cup_selected\001481.png,cup,1
cup_selected\001482.png,cup,1
cup_selected\001483.png,cup,1
cup_selected\001484.png,cup,1
cup_selected\001485.png,cup,2
cup_selected\001486.png,cup,2
cup_selected\001487.png,cup,1
cup_selected\001488.png,cup,0
cup_selected\001489.png,cup,2
cup_selected\001490.png,cup,2
cup_selected\001491.png,cup,2
cup_selected\001492.png,cup,1
cup_selected\001493.png,cup,1
cup_selected\001494.png,cup,0
cup_selected\001495.png,cup,1
cup_selected\001496.png,cup,1
cup_selected\001497.png,cup,1
cup_selected\001498.png,cup,2
cup_selected\001499.png,cup,1
cup_selected\001500.png,cup,1
cup_selected\001501.png,cup,1
cup_selected\001502.png,cup,1
cup_selected\001503.png,cup,2
cup_selected\001504.png,cup,2
cup_selected\001505.png,cup,2
cup_selected\001506.png,cup,2
cup_selected\001507.png,cup,2
cup_selected\001508.png,cup,1
cup_selected\001509.png,cup,1
cup_selected\001510.png,cup,1
cup_selected\001511.png,cup,2
cup_selected\001512.png,cup,1
cup_selected\001513.png,cup,2
cup_selected\001514.png,cup,1
cup_selected\001515.png,cup,0
cup_selected\001516.png,cup,1
cup_selected\001517.png,cup,1
cup_selected\001518.png,cup,2
cup_selected\001519.png,cup,2
cup_selected\001520.png,cup,2
cup_selected\001521.png,cup,0
cup_selected\001522.png,cup,2
cup_selected\001523.png,cup,0
cup_selected\001524.png,cup,2
cup_selected\001525.png,cup,2
cup_selected\001526.png,cup,1
cup_selected\001527.png,cup,2
cup_selected\001528.png,cup,2
cup_selected\001529.png,cup,1
cup_selected\001530.png,cup,1
cup_selected\001531.png,cup,1
cup_selected\001532.png,cup,2
cup_selected\001533.png,cup,2
cup_selected\001534.png,cup,1
cup_selected\001535.png,cup,1
cup_selected\001536.png,cup,1
cup_selected\001537.png,cup,1
cup_selected\001538.png,cup,1
cup_selected\001539.png,cup,2
cup_selected\001540.png,cup,2
cup_selected\001541.png,cup,1
cup_selected\001542.png,cup,2
cup_selected\001543.png,cup,2
cup_selected\001544.png,cup,1
cup_selected\001545.png,cup,2
cup_selected\001546.png,cup,1
cup_selected\001547.png,cup,0
cup_selected\001548.png,cup,2
cup_selected\001549.png,cup,1
cup_selected\001550.png,cup,2
cup_selected\001551.png,cup,0
cup_selected\001552.png,cup,0
cup_selected\001553.png,cup,1
cup_selected\001554.png,cup,0
cup_selected\001555.png,cup,0
cup_selected\001556.png,cup,2
cup_selected\001557.png,cup,0
cup_selected\001558.png,cup,2
cup_selected\001559.png,cup,1
cup_selected\001560.png,cup,1
cup_selected\001561.png,cup,1
cup_selected\001562.png,cup,2
cup_selected\001563.png,cup,0
cup_selected\001564.png,cup,2
cup_selected\001565.png,cup,2
cup_selected\001566.png,cup,1
cup_selected\001567.png,cup,1
cup_selected\001568.png,cup,2
cup_selected\001569.png,cup,1
cup_selected\001570.png,cup,1
cup_selected\001571.png,cup,1
cup_selected\001572.png,cup,2
cup_selected\001573.png,cup,2
cup_selected\001574.png,cup,2
cup_selected\001575.png,cup,2
cup_selected\001576.png,cup,1
cup_selected\001577.png,cup,0
cup_selected\001578.png,cup,1
cup_selected\001579.png,cup,2
cup_selected\001580.png,cup,1
cup_selected\001581.png,cup,1
cup_selected\001582.png,cup,2
cup_selected\001583.png,cup,0
cup_selected\001584.png,cup,2
cup_selected\001585.png,cup,2
cup_selected\001586.png,cup,2
cup_selected\001587.png,cup,0
cup_selected\001588.png,cup,1
cup_selected\001589.png,cup,2
cup_selected\001590.png,cup,1
cup_selected\001591.png,cup,1
cup_selected\001592.png,cup,2
cup_selected\001593.png,cup,1
cup_selected\001594.png,cup,2
cup_selected\001595.png,cup,2
cup_selected\001596.png,cup,0
cup_selected\001597.png,cup,0
cup_selected\001598.png,cup,2
cup_selected\001599.png,cup,1
cup_selected\001600.png,cup,2
cup_selected\001601.png,cup,2
cup_selected\001602.png,cup,2
cup_selected\001603.png,cup,1
cup_selected\001604.png,cup,0
cup_selected\001605.png,cup,0
cup_selected\001606.png,cup,2
cup_selected\001607.png,cup,0
cup_selected\001608.png,cup,2
cup_selected\001609.png,cup,2
cup_selected\001610.png,cup,1
cup_selected\001611.png,cup,1
cup_selected\001612.png,cup,2
cup_selected\001613.png,cup,1
cup_selected\001614.png,cup,1
cup_selected\001615.png,cup,1
cup_selected\001616.png,cup,2
cup_selected\001617.png,cup,1
cup_selected\001618.png,cup,2
cup_selected\001619.png,cup,2
cup_selected\001620.png,cup,2
cup_selected\001621.png,cup,2
cup_selected\001622.png,cup,1
cup_selected\001623.png,cup,0
cup_selected\001624.png,cup,1
cup_selected\001625.png,cup,2
cup_selected\001626.png,cup,1
cup_selected\001627.png,cup,1
cup_selected\001628.png,cup,0
cup_selected\001629.png,cup,2
cup_selected\001630.png,cup,2
cup_selected\001631.png,cup,1
cup_selected\001632.png,cup,2
cup_selected\001633.png,cup,2
cup_selected\001634.png,cup,0
cup_selected\001635.png,cup,1
cup_selected\001636.png,cup,2
cup_selected\001637.png,cup,1
cup_selected\001638.png,cup,1
cup_selected\001639.png,cup,0
cup_selected\001640.png,cup,2
cup_selected\001641.png,cup,1
cup_selected\001642.png,cup,1
cup_selected\001643.png,cup,2
cup_selected\001644.png,cup,2
cup_selected\001645.png,cup,0
cup_selected\001646.png,cup,1
cup_selected\001647.png,cup,2
cup_selected\001648.png,cup,1
cup_selected\001649.png,cup,1
cup_selected\001650.png,cup,1
cup_selected\001651.png,cup,2
cup_selected\001652.png,cup,2
cup_selected\001653.png,cup,2
cup_selected\001654.png,cup,2
cup_selected\001655.png,cup,1
cup_selected\001656.png,cup,1
cup_selected\001657.png,cup,1
cup_selected\001658.png,cup,0
cup_selected\001659.png,cup,2
cup_selected\001660.png,cup,0
cup_selected\001661.png,cup,2
cup_selected\001662.png,cup,2
cup_selected\001663.png,cup,2
cup_selected\001664.png,cup,1
cup_selected\001665.png,cup,2
cup_selected\001666.png,cup,2
cup_selected\001667.png,cup,2
cup_selected\001668.png,cup,2
cup_selected\001669.png,cup,1
cup_selected\001670.png,cup,1
cup_selected\001671.png,cup,2
cup_selected\001672.png,cup,2
cup_selected\001673.png,cup,1
cup_selected\001674.png,cup,1
cup_selected\001675.png,cup,2
cup_selected\001676.png,cup,2
cup_selected\001677.png,cup,1
cup_selected\001678.png,cup,0
cup_selected\001679.png,cup,2
cup_selected\001680.png,cup,2
cup_selected\001681.png,cup,1
cup_selected\001682.png,cup,1
cup_selected\001683.png,cup,2
cup_selected\001684.png,cup,0
cup_selected\001685.png,cup,2
cup_selected\001686.png,cup,2
cup_selected\001687.png,cup,2
cup_selected\001688.png,cup,1
cup_selected\001689.png,cup,1
cup_selected\001690.png,cup,2
cup_selected\001691.png,cup,2
cup_selected\001692.png,cup,1
cup_selected\001693.png,cup,1
cup_selected\001694.png,cup,0
cup_selected\001695.png,cup,1
cup_selected\001696.png,cup,1
cup_selected\001697.png,cup,1
cup_selected\001698.png,cup,1
cup_selected\001699.png,cup,2
cup_selected\001700.png,cup,1
cup_selected\001701.png,cup,2
cup_selected\001702.png,cup,2
cup_selected\001703.png,cup,1
cup_selected\001704.png,cup,2
cup_selected\001705.png,cup,2
cup_selected\001706.png,cup,2
cup_selected\001707.png,cup,2
cup_selected\001708.png,cup,2
cup_selected\001709.png,cup,2
cup_selected\001710.png,cup,2
cup_selected\001711.png,cup,1
cup_selected\001712.png,cup,1
cup_selected\001713.png,cup,0
cup_selected\001714.png,cup,1
cup_selected\001715.png,cup,1
cup_selected\001716.png,cup,1
cup_selected\001717.png,cup,1
cup_selected\001718.png,cup,1
cup_selected\001719.png,cup,0
cup_selected\001720.png,cup,0
cup_selected\001721.png,cup,0
cup_selected\001722.png,cup,1
cup_selected\001723.png,cup,2
cup_selected\001724.png,cup,2
cup_selected\001725.png,cup,0
cup_selected\001726.png,cup,1
cup_selected\001727.png,cup,2
cup_selected\001728.png,cup,2
cup_selected\001729.png,cup,2
cup_selected\001730.png,cup,2
cup_selected\001731.png,cup,1
cup_selected\001732.png,cup,0
cup_selected\001733.png,cup,1
cup_selected\001734.png,cup,1
cup_selected\001735.png,cup,1
cup_selected\001736.png,cup,1
cup_selected\001737.png,cup,1
cup_selected\001738.png,cup,1
cup_selected\001739.png,cup,1
cup_selected\001740.png,cup,0
cup_selected\001741.png,cup,1
cup_selected\001742.png,cup,1
cup_selected\001743.png,cup,1
cup_selected\001744.png,cup,1
cup_selected\001745.png,cup,2
cup_selected\001746.png,cup,2
cup_selected\001747.png,cup,1
cup_selected\001748.png,cup,1
cup_selected\001749.png,cup,2
cup_selected\001750.png,cup,1
cup_selected\001751.png,cup,0
cup_selected\001752.png,cup,1
cup_selected\001753.png,cup,1
cup_selected\001754.png,cup,2
cup_selected\001755.png,cup,2
cup_selected\001756.png,cup,1
cup_selected\001757.png,cup,2
cup_selected\001758.png,cup,1
cup_selected\001759.png,cup,1
cup_selected\001760.png,cup,1
cup_selected\001761.png,cup,2
cup_selected\001762.png,cup,0
cup_selected\001763.png,cup,2
cup_selected\001764.png,cup,1
cup_selected\001765.png,cup,1
cup_selected\001766.png,cup,2
cup_selected\001767.png,cup,2
cup_selected\001768.png,cup,1
cup_selected\001769.png,cup,2
cup_selected\001770.png,cup,2
cup_selected\001771.png,cup,0
cup_selected\001772.png,cup,2
cup_selected\001773.png,cup,2
cup_selected\001774.png,cup,0
cup_selected\001775.png,cup,1
cup_selected\001776.png,cup,1
cup_selected\001777.png,cup,2
cup_selected\001778.png,cup,1
cup_selected\001779.png,cup,1
cup_selected\001780.png,cup,2
cup_selected\001781.png,cup,1
cup_selected\001782.png,cup,1
cup_selected\001783.png,cup,1
cup_selected\001784.png,cup,2
cup_selected\001785.png,cup,2
cup_selected\001786.png,cup,0
cup_selected\001787.png,cup,1
cup_selected\001788.png,cup,0
cup_selected\001789.png,cup,0
cup_selected\001790.png,cup,2
cup_selected\001791.png,cup,2
cup_selected\001792.png,cup,2
cup_selected\001793.png,cup,2
cup_selected\001794.png,cup,1
cup_selected\001795.png,cup,1
cup_selected\001796.png,cup,2
cup_selected\001797.png,cup,2
cup_selected\001798.png,cup,0
cup_selected\001799.png,cup,1
cup_selected\001800.png,cup,0
cup_selected\001801.png,cup,1
cup_selected\001802.png,cup,1
cup_selected\001803.png,cup,0
cup_selected\001804.png,cup,1
cup_selected\001805.png,cup,1
cup_selected\001806.png,cup,0
cup_selected\001807.png,cup,1
cup_selected\001808.png,cup,1
cup_selected\001809.png,cup,2
cup_selected\001810.png,cup,0
cup_selected\001811.png,cup,1
cup_selected\001812.png,cup,2
cup_selected\001813.png,cup,0
cup_selected\001814.png,cup,2
cup_selected\001815.png,cup,1
cup_selected\001816.png,cup,1
cup_selected\001817.png,cup,1
cup_selected\001818.png,cup,1
cup_selected\001819.png,cup,1
cup_selected\001820.png,cup,1
cup_selected\001821.png,cup,1
cup_selected\001822.png,cup,0
cup_selected\001823.png,cup,1
cup_selected\001824.png,cup,0
cup_selected\001825.png,cup,1
cup_selected\001826.png,cup,1
cup_selected\001827.png,cup,0
cup_selected\001828.png,cup,1
cup_selected\001829.png,cup,1
cup_selected\001830.png,cup,1
cup_selected\001831.png,cup,2
cup_selected\001832.png,cup,0
cup_selected\001833.png,cup,2
cup_selected\001834.png,cup,1
cup_selected\001835.png,cup,0
cup_selected\001836.png,cup,1
cup_selected\001837.png,cup,0
cup_selected\001838.png,cup,2
cup_selected\001839.png,cup,0
cup_selected\001840.png,cup,2
cup_selected\001841.png,cup,1
cup_selected\001842.png,cup,2
cup_selected\001843.png,cup,2
cup_selected\001844.png,cup,1
cup_selected\001845.png,cup,2
cup_selected\001846.png,cup,1
cup_selected\001847.png,cup,1
cup_selected\001848.png,cup,2
cup_selected\001849.png,cup,1
cup_selected\001850.png,cup,1
cup_selected\001851.png,cup,1
cup_selected\001852.png,cup,2
cup_selected\001853.png,cup,1
cup_selected\001854.png,cup,1
cup_selected\001855.png,cup,2
cup_selected\001856.png,cup,1
cup_selected\001857.png,cup,1
cup_selected\001858.png,cup,1
cup_selected\001859.png,cup,2
cup_selected\001860.png,cup,2
cup_selected\001861.png,cup,1
cup_selected\001862.png,cup,1
cup_selected\001863.png,cup,2
cup_selected\001864.png,cup,1
cup_selected\001865.png,cup,1
cup_selected\001866.png,cup,1
cup_selected\001867.png,cup,1
cup_selected\001868.png,cup,2
cup_selected\001869.png,cup,0
cup_selected\001870.png,cup,2
cup_selected\001871.png,cup,2
cup_selected\001872.png,cup,0
cup_selected\001873.png,cup,2
cup_selected\001874.png,cup,0
cup_selected\001875.png,cup,2
cup_selected\001876.png,cup,2
cup_selected\001877.png,cup,2
cup_selected\001878.png,cup,0
cup_selected\001879.png,cup,1
cup_selected\001880.png,cup,1
cup_selected\001881.png,cup,1
cup_selected\001882.png,cup,0
cup_selected\001883.png,cup,0
cup_selected\001884.png,cup,1
cup_selected\001885.png,cup,0
cup_selected\001886.png,cup,1
cup_selected\001887.png,cup,2
cup_selected\001888.png,cup,1
cup_selected\001889.png,cup,2
cup_selected\001890.png,cup,1
cup_selected\001891.png,cup,1
cup_selected\001892.png,cup,0
cup_selected\001893.png,cup,2
cup_selected\001894.png,cup,2
cup_selected\001895.png,cup,1
cup_selected\001896.png,cup,2
cup_selected\001897.png,cup,0
cup_selected\001898.png,cup,1
cup_selected\001899.png,cup,1
cup_selected\001900.png,cup,1
cup_selected\001901.png,cup,0
cup_selected\001902.png,cup,2
cup_selected\001903.png,cup,2
cup_selected\001904.png,cup,0
cup_selected\001905.png,cup,2
cup_selected\001906.png,cup,2
cup_selected\001907.png,cup,1
cup_selected\001908.png,cup,1
cup_selected\001909.png,cup,1
cup_selected\001910.png,cup,1
cup_selected\001911.png,cup,2
cup_selected\001912.png,cup,0
cup_selected\001913.png,cup,1
cup_selected\001914.png,cup,1
cup_selected\001915.png,cup,2
cup_selected\001916.png,cup,2
cup_selected\001917.png,cup,2
cup_selected\001918.png,cup,1
cup_selected\001919.png,cup,0
cup_selected\001920.png,cup,1
cup_selected\001921.png,cup,0
cup_selected\001922.png,cup,0
cup_selected\001923.png,cup,1
cup_selected\001924.png,cup,1
cup_selected\001925.png,cup,1
cup_selected\001926.png,cup,1
cup_selected\001927.png,cup,2
cup_selected\001928.png,cup,2
cup_selected\001929.png,cup,1
cup_selected\001930.png,cup,1
cup_selected\001931.png,cup,0
cup_selected\001932.png,cup,1
cup_selected\001933.png,cup,2
cup_selected\001934.png,cup,0
cup_selected\001935.png,cup,1
cup_selected\001936.png,cup,2
cup_selected\001937.png,cup,2
cup_selected\001938.png,cup,0
cup_selected\001939.png,cup,1
cup_selected\001940.png,cup,2
cup_selected\001941.png,cup,2
cup_selected\001942.png,cup,1
cup_selected\001943.png,cup,1
cup_selected\001944.png,cup,2
cup_selected\001945.png,cup,2
cup_selected\001946.png,cup,0
cup_selected\001947.png,cup,2
cup_selected\001948.png,cup,1
cup_selected\001949.png,cup,2
cup_selected\001950.png,cup,0
cup_selected\001951.png,cup,1
cup_selected\001952.png,cup,2
cup_selected\001953.png,cup,1
cup_selected\001954.png,cup,1
cup_selected\001955.png,cup,1
cup_selected\001956.png,cup,2
cup_selected\001957.png,cup,2
cup_selected\001958.png,cup,1
cup_selected\001959.png,cup,1
cup_selected\001960.png,cup,1
cup_selected\001961.png,cup,2
cup_selected\001962.png,cup,1
cup_selected\001963.png,cup,0
cup_selected\001964.png,cup,0
cup_selected\001965.png,cup,0
cup_selected\001966.png,cup,2
cup_selected\001967.png,cup,2
cup_selected\001968.png,cup,1
cup_selected\001969.png,cup,1
cup_selected\001970.png,cup,0
cup_selected\001971.png,cup,2
cup_selected\001972.png,cup,1
cup_selected\001973.png,cup,2
cup_selected\001974.png,cup,2
cup_selected\001975.png,cup,1
cup_selected\001976.png,cup,1
cup_selected\001977.png,cup,1
cup_selected\001978.png,cup,2
cup_selected\001979.png,cup,1
cup_selected\001980.png,cup,1
cup_selected\001981.png,cup,1
cup_selected\001982.png,cup,1
cup_selected\001983.png,cup,2
cup_selected\001984.png,cup,0
cup_selected\001985.png,cup,1
cup_selected\001986.png,cup,1
cup_selected\001987.png,cup,1
cup_selected\001988.png,cup,1
cup_selected\001989.png,cup,1
cup_selected\001990.png,cup,0
cup_selected\001991.png,cup,2
cup_selected\001992.png,cup,1
cup_selected\001993.png,cup,0
cup_selected\001994.png,cup,1
cup_selected\001995.png,cup,0
cup_selected\001996.png,cup,2
cup_selected\001997.png,cup,2
cup_selected\001998.png,cup,1
cup_selected\001999.png,cup,1
cup_selected\002000.png,cup,2
cup_selected\002001.png,cup,1
cup_selected\002002.png,cup,1
cup_selected\002003.png,cup,2
cup_selected\002004.png,cup,2
cup_selected\002005.png,cup,2
cup_selected\002006.png,cup,2
cup_selected\002007.png,cup,0
cup_selected\002008.png,cup,1
cup_selected\002009.png,cup,1
cup_selected\002010.png,cup,0
cup_selected\002011.png,cup,2
cup_selected\002012.png,cup,2
cup_selected\002013.png,cup,1
cup_selected\002014.png,cup,2
cup_selected\002015.png,cup,1
cup_selected\002016.png,cup,2
cup_selected\002017.png,cup,1
cup_selected\002018.png,cup,1
cup_selected\002019.png,cup,2
cup_selected\002020.png,cup,0
cup_selected\002021.png,cup,1
cup_selected\002022.png,cup,1
cup_selected\002023.png,cup,1
cup_selected\002024.png,cup,2
cup_selected\002025.png,cup,2
cup_selected\002026.png,cup,2
cup_selected\002027.png,cup,2
cup_selected\002028.png,cup,2
cup_selected\002029.png,cup,2
cup_selected\002030.png,cup,2
cup_selected\002031.png,cup,1
cup_selected\002032.png,cup,2
cup_selected\002033.png,cup,2
cup_selected\002034.png,cup,2
cup_selected\002035.png,cup,1
cup_selected\002036.png,cup,1
cup_selected\002037.png,cup,2
cup_selected\002038.png,cup,0
cup_selected\002039.png,cup,1
cup_selected\002040.png,cup,1
cup_selected\002041.png,cup,1
cup_selected\002042.png,cup,1
cup_selected\002043.png,cup,2
cup_selected\002044.png,cup,2
cup_selected\002045.png,cup,1
cup_selected\002046.png,cup,1
cup_selected\002047.png,cup,0
cup_selected\002048.png,cup,2
cup_selected\002049.png,cup,2
cup_selected\002050.png,cup,2
cup_selected\002051.png,cup,1
cup_selected\002052.png,cup,1
cup_selected\002053.png,cup,1
cup_selected\002054.png,cup,2
cup_selected\002055.png,cup,2
cup_selected\002056.png,cup,0
cup_selected\002057.png,cup,1
cup_selected\002058.png,cup,0
cup_selected\002059.png,cup,2
cup_selected\002060.png,cup,0
cup_selected\002061.png,cup,2
cup_selected\002062.png,cup,1
cup_selected\002063.png,cup,1
cup_selected\002064.png,cup,1
cup_selected\002065.png,cup,0
cup_selected\002066.png,cup,1
cup_selected\002067.png,cup,2
cup_selected\002068.png,cup,2
cup_selected\002069.png,cup,2
cup_selected\002070.png,cup,1
cup_selected\002071.png,cup,1
cup_selected\002072.png,cup,1
cup_selected\002073.png,cup,1
cup_selected\002074.png,cup,1
cup_selected\002075.png,cup,2
cup_selected\002076.png,cup,2
cup_selected\002077.png,cup,1
cup_selected\002078.png,cup,2
cup_selected\002079.png,cup,1
cup_selected\002080.png,cup,1
cup_selected\002081.png,cup,2
cup_selected\002082.png,cup,1
cup_selected\002083.png,cup,2
cup_selected\002084.png,cup,2
cup_selected\002085.png,cup,2
cup_selected\002086.png,cup,1
cup_selected\002087.png,cup,2
cup_selected\002088.png,cup,2
cup_selected\002089.png,cup,2
cup_selected\002090.png,cup,1
cup_selected\002091.png,cup,1
cup_selected\002092.png,cup,2
cup_selected\002093.png,cup,2
cup_selected\002094.png,cup,1
cup_selected\002095.png,cup,2
cup_selected\002096.png,cup,1
cup_selected\002097.png,cup,1
cup_selected\002098.png,cup,0
cup_selected\002099.png,cup,2
cup_selected\002100.png,cup,0
cup_selected\002101.png,cup,2
cup_selected\002102.png,cup,1
cup_selected\002103.png,cup,1
cup_selected\002104.png,cup,1
cup_selected\002105.png,cup,2
cup_selected\002106.png,cup,0
cup_selected\002107.png,cup,1
cup_selected\002108.png,cup,1
cup_selected\002109.png,cup,2
cup_selected\002110.png,cup,2
cup_selected\002111.png,cup,2
cup_selected\002112.png,cup,1
cup_selected\002113.png,cup,2
cup_selected\002114.png,cup,2
cup_selected\002115.png,cup,1
cup_selected\002116.png,cup,1
cup_selected\002117.png,cup,1
cup_selected\002118.png,cup,2
cup_selected\002119.png,cup,1
cup_selected\002120.png,cup,0
cup_selected\002121.png,cup,1
cup_selected\002122.png,cup,2
cup_selected\002123.png,cup,1
cup_selected\002124.png,cup,1
cup_selected\002125.png,cup,2
cup_selected\002126.png,cup,2
cup_selected\002127.png,cup,2
cup_selected\002128.png,cup,2
cup_selected\002129.png,cup,1
cup_selected\002130.png,cup,1
cup_selected\002131.png,cup,2
cup_selected\002132.png,cup,2
cup_selected\002133.png,cup,1
cup_selected\002134.png,cup,1
cup_selected\002135.png,cup,1
cup_selected\002136.png,cup,1
cup_selected\002137.png,cup,0
cup_selected\002138.png,cup,2
cup_selected\002139.png,cup,2
cup_selected\002140.png,cup,1
cup_selected\002141.png,cup,1
cup_selected\002142.png,cup,0
cup_selected\002143.png,cup,2
cup_selected\002144.png,cup,1
cup_selected\002145.png,cup,1
cup_selected\002146.png,cup,2
cup_selected\002147.png,cup,1
cup_selected\002148.png,cup,2
cup_selected\002149.png,cup,2
cup_selected\002150.png,cup,1
cup_selected\002151.png,cup,2
cup_selected\002152.png,cup,2
cup_selected\002153.png,cup,0
cup_selected\002154.png,cup,2
cup_selected\002155.png,cup,1
cup_selected\002156.png,cup,2
cup_selected\002157.png,cup,0
cup_selected\002158.png,cup,1
cup_selected\002159.png,cup,1
cup_selected\002160.png,cup,2
cup_selected\002161.png,cup,2
cup_selected\002162.png,cup,1
cup_selected\002163.png,cup,1
cup_selected\002164.png,cup,1
cup_selected\002165.png,cup,0
cup_selected\002166.png,cup,2
cup_selected\002167.png,cup,2
cup_selected\002168.png,cup,1
cup_selected\002169.png,cup,1
cup_selected\002170.png,cup,1
cup_selected\002171.png,cup,2
cup_selected\002172.png,cup,2
cup_selected\002173.png,cup,1
cup_selected\002174.png,cup,0
cup_selected\002175.png,cup,2
cup_selected\002176.png,cup,0
cup_selected\002177.png,cup,1
cup_selected\002178.png,cup,2
cup_selected\002179.png,cup,2
cup_selected\002180.png,cup,1
cup_selected\002181.png,cup,0
cup_selected\002182.png,cup,0
cup_selected\002183.png,cup,2
cup_selected\002184.png,cup,1
cup_selected\002185.png,cup,0
cup_selected\002186.png,cup,2
cup_selected\002187.png,cup,0
cup_selected\002188.png,cup,2
cup_selected\002189.png,cup,2
cup_selected\002190.png,cup,0
cup_selected\002191.png,cup,1
cup_selected\002192.png,cup,2
cup_selected\002193.png,cup,1
cup_selected\002194.png,cup,2
cup_selected\002195.png,cup,1
cup_selected\002196.png,cup,2
cup_selected\002197.png,cup,0
cup_selected\002198.png,cup,0
cup_selected\002199.png,cup,1
cup_selected\002200.png,cup,0
cup_selected\002201.png,cup,2
cup_selected\002202.png,cup,2
cup_selected\002203.png,cup,0
cup_selected\002204.png,cup,1
cup_selected\002205.png,cup,1
cup_selected\002206.png,cup,1
cup_selected\002207.png,cup,2
cup_selected\002208.png,cup,2
cup_selected\002209.png,cup,2
cup_selected\002210.png,cup,2
cup_selected\002211.png,cup,1
cup_selected\002212.png,cup,0
cup_selected\002213.png,cup,0
cup_selected\002214.png,cup,2
cup_selected\002215.png,cup,2
cup_selected\002216.png,cup,2
cup_selected\002217.png,cup,1
cup_selected\002218.png,cup,1
cup_selected\002219.png,cup,2
cup_selected\002220.png,cup,2
cup_selected\002221.png,cup,1
cup_selected\002222.png,cup,1
cup_selected\002223.png,cup,1
cup_selected\002224.png,cup,1
cup_selected\002225.png,cup,2
cup_selected\002226.png,cup,2
cup_selected\002227.png,cup,1
cup_selected\002228.png,cup,2
cup_selected\002229.png,cup,0
cup_selected\002230.png,cup,2
cup_selected\002231.png,cup,1
cup_selected\002232.png,cup,2
cup_selected\002233.png,cup,2
cup_selected\002234.png,cup,2
cup_selected\002235.png,cup,1
cup_selected\002236.png,cup,2
cup_selected\002237.png,cup,2
cup_selected\002238.png,cup,1
cup_selected\002239.png,cup,2
cup_selected\002240.png,cup,1
cup_selected\002241.png,cup,0
cup_selected\002242.png,cup,0
cup_selected\002243.png,cup,2
cup_selected\002244.png,cup,2
cup_selected\002245.png,cup,2
cup_selected\002246.png,cup,1
cup_selected\002247.png,cup,0
cup_selected\002248.png,cup,1
cup_selected\002249.png,cup,1
cup_selected\002250.png,cup,1
cup_selected\002251.png,cup,2
cup_selected\002252.png,cup,2
cup_selected\002253.png,cup,2
cup_selected\002254.png,cup,0
cup_selected\002255.png,cup,1
cup_selected\002256.png,cup,1
cup_selected\002257.png,cup,1
cup_selected\002258.png,cup,2
cup_selected\002259.png,cup,1
cup_selected\002260.png,cup,2
cup_selected\002261.png,cup,1
cup_selected\002262.png,cup,1
cup_selected\002263.png,cup,1
cup_selected\002264.png,cup,2
cup_selected\002265.png,cup,1
cup_selected\002266.png,cup,1
cup_selected\002267.png,cup,1
cup_selected\002268.png,cup,0
cup_selected\002269.png,cup,1
cup_selected\002270.png,cup,1
cup_selected\002271.png,cup,1
cup_selected\002272.png,cup,0
cup_selected\002273.png,cup,2
cup_selected\002274.png,cup,2
cup_selected\002275.png,cup,0
cup_selected\002276.png,cup,2
cup_selected\002277.png,cup,0
cup_selected\002278.png,cup,2
cup_selected\002279.png,cup,1
cup_selected\002280.png,cup,2
cup_selected\002281.png,cup,2
cup_selected\002282.png,cup,1
cup_selected\002283.png,cup,2
cup_selected\002284.png,cup,2
cup_selected\002285.png,cup,1
cup_selected\002286.png,cup,1
cup_selected\002287.png,cup,2
cup_selected\002288.png,cup,1
cup_selected\002289.png,cup,2
cup_selected\002290.png,cup,1
cup_selected\002291.png,cup,0
cup_selected\002292.png,cup,2
cup_selected\002293.png,cup,2
cup_selected\002294.png,cup,2
cup_selected\002295.png,cup,1
cup_selected\002296.png,cup,1
cup_selected\002297.png,cup,1
cup_selected\002298.png,cup,0
cup_selected\002299.png,cup,1
cup_selected\002300.png,cup,0
cup_selected\002301.png,cup,1
cup_selected\002302.png,cup,0
cup_selected\002303.png,cup,1
cup_selected\002304.png,cup,1
cup_selected\002305.png,cup,0
cup_selected\002306.png,cup,2
cup_selected\002307.png,cup,2
cup_selected\002308.png,cup,1
cup_selected\002309.png,cup,2
cup_selected\002310.png,cup,2
cup_selected\002311.png,cup,2
cup_selected\002312.png,cup,1
cup_selected\002313.png,cup,1
cup_selected\002314.png,cup,2
cup_selected\002315.png,cup,1
cup_selected\002316.png,cup,0
cup_selected\002317.png,cup,2
cup_selected\002318.png,cup,2
cup_selected\002319.png,cup,2
cup_selected\002320.png,cup,2
cup_selected\002321.png,cup,2
cup_selected\002322.png,cup,1
cup_selected\002323.png,cup,2
cup_selected\002324.png,cup,2
cup_selected\002325.png,cup,1
cup_selected\002326.png,cup,2
cup_selected\002327.png,cup,0
cup_selected\002328.png,cup,2
cup_selected\002329.png,cup,1
cup_selected\002330.png,cup,1
cup_selected\002331.png,cup,1
cup_selected\002332.png,cup,2
cup_selected\002333.png,cup,1
cup_selected\002334.png,cup,1
cup_selected\002335.png,cup,2
cup_selected\002336.png,cup,2
cup_selected\002337.png,cup,1
cup_selected\002338.png,cup,1
cup_selected\002339.png,cup,2
cup_selected\002340.png,cup,1
cup_selected\002341.png,cup,2
cup_selected\002342.png,cup,1
cup_selected\002343.png,cup,0
cup_selected\002344.png,cup,0
cup_selected\002345.png,cup,1
cup_selected\002346.png,cup,1
cup_selected\002347.png,cup,1
cup_selected\002348.png,cup,1
cup_selected\002349.png,cup,2
cup_selected\002350.png,cup,1
cup_selected\002351.png,cup,0
cup_selected\002352.png,cup,2
cup_selected\002353.png,cup,1
cup_selected\002354.png,cup,1
cup_selected\002355.png,cup,1
cup_selected\002356.png,cup,1
cup_selected\002357.png,cup,1
cup_selected\002358.png,cup,2
cup_selected\002359.png,cup,2
cup_selected\002360.png,cup,1
cup_selected\002361.png,cup,2
cup_selected\002362.png,cup,0
cup_selected\002363.png,cup,1
cup_selected\002364.png,cup,0
cup_selected\002365.png,cup,1
cup_selected\002366.png,cup,2
cup_selected\002367.png,cup,2
cup_selected\002368.png,cup,0
cup_selected\002369.png,cup,0
cup_selected\002370.png,cup,1
cup_selected\002371.png,cup,2
cup_selected\002372.png,cup,0
cup_selected\002373.png,cup,1
cup_selected\002374.png,cup,1
cup_selected\002375.png,cup,1
cup_selected\002376.png,cup,2
cup_selected\002377.png,cup,2
cup_selected\002378.png,cup,2
cup_selected\002379.png,cup,2
cup_selected\002380.png,cup,1
cup_selected\002381.png,cup,2
cup_selected\002382.png,cup,2
cup_selected\002383.png,cup,1
cup_selected\002384.png,cup,1
cup_selected\002385.png,cup,2
cup_selected\002386.png,cup,2
cup_selected\002387.png,cup,2
cup_selected\002388.png,cup,2
cup_selected\002389.png,cup,1
cup_selected\002390.png,cup,1
cup_selected\002391.png,cup,2
cup_selected\002392.png,cup,0
cup_selected\002393.png,cup,1
cup_selected\002394.png,cup,2
cup_selected\002395.png,cup,0
cup_selected\002396.png,cup,1
cup_selected\002397.png,cup,1
cup_selected\002398.png,cup,2
cup_selected\002399.png,cup,1
cup_selected\002400.png,cup,2
cup_selected\002401.png,cup,1
cup_selected\002402.png,cup,1
cup_selected\002403.png,cup,1
cup_selected\002404.png,cup,2
cup_selected\002405.png,cup,1
cup_selected\002406.png,cup,1
cup_selected\002407.png,cup,2
cup_selected\002408.png,cup,1
cup_selected\002409.png,cup,2
cup_selected\002410.png,cup,2
cup_selected\002411.png,cup,2
cup_selected\002412.png,cup,1
cup_selected\002413.png,cup,0
cup_selected\002414.png,cup,1
cup_selected\002415.png,cup,2
cup_selected\002416.png,cup,1
cup_selected\002417.png,cup,2
cup_selected\002418.png,cup,0
cup_selected\002419.png,cup,1
cup_selected\002420.png,cup,2
cup_selected\002421.png,cup,0
cup_selected\002422.png,cup,0
cup_selected\002423.png,cup,0
cup_selected\002424.png,cup,1
cup_selected\002425.png,cup,2
cup_selected\002426.png,cup,1
cup_selected\002427.png,cup,2
cup_selected\002428.png,cup,2
cup_selected\002429.png,cup,2
cup_selected\002430.png,cup,1
cup_selected\002431.png,cup,1
cup_selected\002432.png,cup,1
cup_selected\002433.png,cup,1
cup_selected\002434.png,cup,1
cup_selected\002435.png,cup,2
cup_selected\002436.png,cup,1
cup_selected\002437.png,cup,0
cup_selected\002438.png,cup,2
cup_selected\002439.png,cup,1
cup_selected\002440.png,cup,2
cup_selected\002441.png,cup,2
cup_selected\002442.png,cup,2
cup_selected\002443.png,cup,0
cup_selected\002444.png,cup,2
cup_selected\002445.png,cup,1
cup_selected\002446.png,cup,1
cup_selected\002447.png,cup,0
cup_selected\002448.png,cup,0
cup_selected\002449.png,cup,2
cup_selected\002450.png,cup,1
cup_selected\002451.png,cup,1
cup_selected\002452.png,cup,1
cup_selected\002453.png,cup,2
cup_selected\002454.png,cup,2
cup_selected\002455.png,cup,0
cup_selected\002456.png,cup,2
cup_selected\002457.png,cup,2
cup_selected\002458.png,cup,2
cup_selected\002459.png,cup,1
cup_selected\002460.png,cup,1
cup_selected\002461.png,cup,2
cup_selected\002462.png,cup,2
cup_selected\002463.png,cup,1
cup_selected\002464.png,cup,2
cup_selected\002465.png,cup,1
cup_selected\002466.png,cup,2
cup_selected\002467.png,cup,1
cup_selected\002468.png,cup,0
cup_selected\002469.png,cup,2
cup_selected\002470.png,cup,2
cup_selected\002471.png,cup,2
cup_selected\002472.png,cup,1
cup_selected\002473.png,cup,2
cup_selected\002474.png,cup,1
cup_selected\002475.png,cup,1
cup_selected\002476.png,cup,0
cup_selected\002477.png,cup,1
cup_selected\002478.png,cup,1
cup_selected\002479.png,cup,2
cup_selected\002480.png,cup,1
cup_selected\002481.png,cup,2
cup_selected\002482.png,cup,2
cup_selected\002483.png,cup,2
cup_selected\002484.png,cup,0
cup_selected\002485.png,cup,0
cup_selected\002486.png,cup,1
cup_selected\002487.png,cup,2
cup_selected\002488.png,cup,0
cup_selected\002489.png,cup,1
cup_selected\002490.png,cup,0
cup_selected\002491.png,cup,2
cup_selected\002492.png,cup,1
cup_selected\002493.png,cup,2
cup_selected\002494.png,cup,2
cup_selected\002495.png,cup,1
cup_selected\002496.png,cup,1
cup_selected\002497.png,cup,0
cup_selected\002498.png,cup,1
cup_selected\002499.png,cup,2
cup_selected\002500.png,cup,2
cup_selected\002501.png,cup,1
cup_selected\002502.png,cup,0
cup_selected\002503.png,cup,0
cup_selected\002504.png,cup,0
cup_selected\002505.png,cup,1
cup_selected\002506.png,cup,2
cup_selected\002507.png,cup,2
cup_selected\002508.png,cup,0
cup_selected\002509.png,cup,2
cup_selected\002510.png,cup,1
cup_selected\002511.png,cup,2
cup_selected\002512.png,cup,2
cup_selected\002513.png,cup,2
cup_selected\002514.png,cup,2
cup_selected\002515.png,cup,1
cup_selected\002516.png,cup,1
cup_selected\002517.png,cup,1
cup_selected\002518.png,cup,0
cup_selected\002519.png,cup,2
cup_selected\002520.png,cup,0
cup_selected\002521.png,cup,1
cup_selected\002522.png,cup,2
cup_selected\002523.png,cup,2
cup_selected\002524.png,cup,2
cup_selected\002525.png,cup,2
cup_selected\002526.png,cup,2
cup_selected\002527.png,cup,2
cup_selected\002528.png,cup,2
cup_selected\002529.png,cup,1
cup_selected\002530.png,cup,2
cup_selected\002531.png,cup,1
cup_selected\002532.png,cup,0
cup_selected\002533.png,cup,2
cup_selected\002534.png,cup,2
cup_selected\002535.png,cup,2
cup_selected\002536.png,cup,2
cup_selected\002537.png,cup,1
cup_selected\002538.png,cup,1
cup_selected\002539.png,cup,1
cup_selected\002540.png,cup,2
cup_selected\002541.png,cup,0
cup_selected\002542.png,cup,2
cup_selected\002543.png,cup,0
cup_selected\002544.png,cup,2
cup_selected\002545.png,cup,1
cup_selected\002546.png,cup,2
cup_selected\002547.png,cup,2
cup_selected\002548.png,cup,2
cup_selected\002549.png,cup,1
cup_selected\002550.png,cup,1
cup_selected\002551.png,cup,1
cup_selected\002552.png,cup,0
cup_selected\002553.png,cup,2
cup_selected\002554.png,cup,2
cup_selected\002555.png,cup,1
cup_selected\002556.png,cup,2
cup_selected\002557.png,cup,1
cup_selected\002558.png,cup,0
cup_selected\002559.png,cup,1
cup_selected\002560.png,cup,1
cup_selected\002561.png,cup,1
cup_selected\002562.png,cup,1
cup_selected\002563.png,cup,0
cup_selected\002564.png,cup,1
cup_selected\002565.png,cup,1
cup_selected\002566.png,cup,2
cup_selected\002567.png,cup,1
cup_selected\002568.png,cup,1
cup_selected\002569.png,cup,1
cup_selected\002570.png,cup,2
cup_selected\002571.png,cup,0
cup_selected\002572.png,cup,1
cup_selected\002573.png,cup,2
cup_selected\002574.png,cup,2
cup_selected\002575.png,cup,1
cup_selected\002576.png,cup,1
cup_selected\002577.png,cup,0
cup_selected\002578.png,cup,1
cup_selected\002579.png,cup,2
cup_selected\002580.png,cup,2
cup_selected\002581.png,cup,1
cup_selected\002582.png,cup,1
cup_selected\002583.png,cup,1
cup_selected\002584.png,cup,2
cup_selected\002585.png,cup,1
cup_selected\002586.png,cup,2
cup_selected\002587.png,cup,2
cup_selected\002588.png,cup,1
cup_selected\002589.png,cup,1
cup_selected\002590.png,cup,2
cup_selected\002591.png,cup,1
cup_selected\002592.png,cup,2
cup_selected\002593.png,cup,2
cup_selected\002594.png,cup,1
cup_selected\002595.png,cup,2
cup_selected\002596.png,cup,2
cup_selected\002597.png,cup,2
cup_selected\002598.png,cup,1
cup_selected\002599.png,cup,2
cup_selected\002600.png,cup,1
cup_selected\002601.png,cup,2
cup_selected\002602.png,cup,2
cup_selected\002603.png,cup,1
cup_selected\002604.png,cup,1
cup_selected\002605.png,cup,1
cup_selected\002606.png,cup,1
cup_selected\002607.png,cup,2
cup_selected\002608.png,cup,2
cup_selected\002609.png,cup,1
cup_selected\002610.png,cup,1
cup_selected\002611.png,cup,1
cup_selected\002612.png,cup,1
cup_selected\002613.png,cup,0
cup_selected\002614.png,cup,1
cup_selected\002615.png,cup,1
cup_selected\002616.png,cup,1
cup_selected\002617.png,cup,1
cup_selected\002618.png,cup,0
cup_selected\002619.png,cup,1
cup_selected\002620.png,cup,1
cup_selected\002621.png,cup,1
cup_selected\002622.png,cup,2
cup_selected\002623.png,cup,1
cup_selected\002624.png,cup,0
cup_selected\002625.png,cup,0
cup_selected\002626.png,cup,1
cup_selected\002627.png,cup,2
cup_selected\002628.png,cup,2
cup_selected\002629.png,cup,2
cup_selected\002630.png,cup,2
cup_selected\002631.png,cup,1
cup_selected\002632.png,cup,2
cup_selected\002633.png,cup,2
cup_selected\002634.png,cup,0
cup_selected\002635.png,cup,1
cup_selected\002636.png,cup,0
cup_selected\002637.png,cup,2
cup_selected\002638.png,cup,2
cup_selected\002639.png,cup,2
cup_selected\002640.png,cup,2
cup_selected\002641.png,cup,2
cup_selected\002642.png,cup,2
cup_selected\002643.png,cup,2
cup_selected\002644.png,cup,1
cup_selected\002645.png,cup,2
cup_selected\002646.png,cup,0
cup_selected\002647.png,cup,2
cup_selected\002648.png,cup,1
cup_selected\002649.png,cup,1
cup_selected\002650.png,cup,2
cup_selected\002651.png,cup,1
cup_selected\002652.png,cup,0
cup_selected\002653.png,cup,1
cup_selected\002654.png,cup,1
cup_selected\002655.png,cup,2
cup_selected\002656.png,cup,2
cup_selected\002657.png,cup,2
cup_selected\002658.png,cup,2
cup_selected\002659.png,cup,0
cup_selected\002660.png,cup,1
cup_selected\002661.png,cup,2
cup_selected\002662.png,cup,1
cup_selected\002663.png,cup,1
cup_selected\002664.png,cup,1
cup_selected\002665.png,cup,1
cup_selected\002666.png,cup,2
cup_selected\002667.png,cup,1
cup_selected\002668.png,cup,1
cup_selected\002669.png,cup,2
cup_selected\002670.png,cup,1
cup_selected\002671.png,cup,2
cup_selected\002672.png,cup,0
cup_selected\002673.png,cup,0
cup_selected\002674.png,cup,1
cup_selected\002675.png,cup,0
cup_selected\002676.png,cup,2
cup_selected\002677.png,cup,1
cup_selected\002678.png,cup,1
cup_selected\002679.png,cup,1
cup_selected\002680.png,cup,2
cup_selected\002681.png,cup,2
cup_selected\002682.png,cup,0
cup_selected\002683.png,cup,2
cup_selected\002684.png,cup,2
cup_selected\002685.png,cup,1
cup_selected\002686.png,cup,1
cup_selected\002687.png,cup,1
cup_selected\002688.png,cup,1
cup_selected\002689.png,cup,2
cup_selected\002690.png,cup,2
cup_selected\002691.png,cup,2
cup_selected\002692.png,cup,2
cup_selected\002693.png,cup,0
cup_selected\002694.png,cup,1
cup_selected\002695.png,cup,2
cup_selected\002696.png,cup,1
cup_selected\002697.png,cup,1
cup_selected\002698.png,cup,0
cup_selected\002699.png,cup,2
cup_selected\002700.png,cup,0
cup_selected\002701.png,cup,1
cup_selected\002702.png,cup,2
cup_selected\002703.png,cup,2
cup_selected\002704.png,cup,2
cup_selected\002705.png,cup,2
cup_selected\002706.png,cup,2
cup_selected\002707.png,cup,2
cup_selected\002708.png,cup,0
cup_selected\002709.png,cup,1
cup_selected\002710.png,cup,0
cup_selected\002711.png,cup,2
cup_selected\002712.png,cup,0
cup_selected\002713.png,cup,0
cup_selected\002714.png,cup,0
cup_selected\002715.png,cup,1
cup_selected\002716.png,cup,2
cup_selected\002717.png,cup,2
cup_selected\002718.png,cup,0
cup_selected\002719.png,cup,2
cup_selected\002720.png,cup,0
cup_selected\002721.png,cup,1
cup_selected\002722.png,cup,0
cup_selected\002723.png,cup,0
cup_selected\002724.png,cup,2
cup_selected\002725.png,cup,2
cup_selected\002726.png,cup,0
cup_selected\002727.png,cup,1
cup_selected\002728.png,cup,1
cup_selected\002729.png,cup,2
cup_selected\002730.png,cup,0
cup_selected\002731.png,cup,0
cup_selected\002732.png,cup,2
cup_selected\002733.png,cup,2
cup_selected\002734.png,cup,2
cup_selected\002735.png,cup,2
cup_selected\002736.png,cup,2
cup_selected\002737.png,cup,1
cup_selected\002738.png,cup,2
cup_selected\002739.png,cup,1
cup_selected\002740.png,cup,2
cup_selected\002741.png,cup,1
cup_selected\002742.png,cup,1
cup_selected\002743.png,cup,2
cup_selected\002744.png,cup,2
cup_selected\002745.png,cup,1
cup_selected\002746.png,cup,2
cup_selected\002747.png,cup,1
cup_selected\002748.png,cup,2
cup_selected\002749.png,cup,1
cup_selected\002750.png,cup,0
cup_selected\002751.png,cup,2
cup_selected\002752.png,cup,0
cup_selected\002753.png,cup,1
cup_selected\002754.png,cup,1
cup_selected\002755.png,cup,1
cup_selected\002756.png,cup,1
cup_selected\002757.png,cup,2
cup_selected\002758.png,cup,1
cup_selected\002759.png,cup,1
cup_selected\002760.png,cup,1
cup_selected\002761.png,cup,2
cup_selected\002762.png,cup,1
cup_selected\002763.png,cup,0
cup_selected\002764.png,cup,1
cup_selected\002765.png,cup,1
cup_selected\002766.png,cup,2
cup_selected\002767.png,cup,2
cup_selected\002768.png,cup,0
cup_selected\002769.png,cup,2
cup_selected\002770.png,cup,2
cup_selected\002771.png,cup,0
cup_selected\002772.png,cup,2
cup_selected\002773.png,cup,2
cup_selected\002774.png,cup,1
cup_selected\002775.png,cup,2
cup_selected\002776.png,cup,1
cup_selected\002777.png,cup,2
cup_selected\002778.png,cup,2
cup_selected\002779.png,cup,2
cup_selected\002780.png,cup,2
cup_selected\002781.png,cup,2
cup_selected\002782.png,cup,2
cup_selected\002783.png,cup,1
cup_selected\002784.png,cup,2
cup_selected\002785.png,cup,2
cup_selected\002786.png,cup,0
cup_selected\002787.png,cup,2
cup_selected\002788.png,cup,0
cup_selected\002789.png,cup,2
cup_selected\002790.png,cup,0
cup_selected\002791.png,cup,1
cup_selected\002792.png,cup,2
cup_selected\002793.png,cup,1
cup_selected\002794.png,cup,2
cup_selected\002795.png,cup,1
cup_selected\002796.png,cup,2
cup_selected\002797.png,cup,1
cup_selected\002798.png,cup,2
cup_selected\002799.png,cup,2
cup_selected\002800.png,cup,0
cup_selected\002801.png,cup,2
cup_selected\002802.png,cup,2
cup_selected\002803.png,cup,0
cup_selected\002804.png,cup,1
cup_selected\002805.png,cup,1
cup_selected\002806.png,cup,1
cup_selected\002807.png,cup,0
cup_selected\002808.png,cup,1
cup_selected\002809.png,cup,2
cup_selected\002810.png,cup,2
cup_selected\002811.png,cup,2
cup_selected\002812.png,cup,1
cup_selected\002813.png,cup,1
cup_selected\002814.png,cup,1
cup_selected\002815.png,cup,1
cup_selected\002816.png,cup,2
cup_selected\002817.png,cup,2
cup_selected\002818.png,cup,1
cup_selected\002819.png,cup,1
cup_selected\002820.png,cup,0
cup_selected\002821.png,cup,0
cup_selected\002822.png,cup,0
cup_selected\002823.png,cup,2
cup_selected\002824.png,cup,2
cup_selected\002825.png,cup,2
cup_selected\002826.png,cup,2
cup_selected\002827.png,cup,2
cup_selected\002828.png,cup,1
cup_selected\002829.png,cup,1
cup_selected\002830.png,cup,0
cup_selected\002831.png,cup,2
cup_selected\002832.png,cup,1
cup_selected\002833.png,cup,1
cup_selected\002834.png,cup,2
cup_selected\002835.png,cup,2
cup_selected\002836.png,cup,0
cup_selected\002837.png,cup,2
cup_selected\002838.png,cup,2
cup_selected\002839.png,cup,2
cup_selected\002840.png,cup,2
cup_selected\002841.png,cup,1
cup_selected\002842.png,cup,2
cup_selected\002843.png,cup,2
cup_selected\002844.png,cup,2
cup_selected\002845.png,cup,1
cup_selected\002846.png,cup,1
cup_selected\002847.png,cup,2
cup_selected\002848.png,cup,1
cup_selected\002849.png,cup,1
cup_selected\002850.png,cup,2
cup_selected\002851.png,cup,1
cup_selected\002852.png,cup,2
cup_selected\002853.png,cup,1
cup_selected\002854.png,cup,1
cup_selected\002855.png,cup,1
cup_selected\002856.png,cup,2
cup_selected\002857.png,cup,2
cup_selected\002858.png,cup,0
cup_selected\002859.png,cup,1
cup_selected\002860.png,cup,1
cup_selected\002861.png,cup,2
cup_selected\002862.png,cup,2
cup_selected\002863.png,cup,1
cup_selected\002864.png,cup,2
cup_selected\002865.png,cup,1
cup_selected\002866.png,cup,2
cup_selected\002867.png,cup,0
cup_selected\002868.png,cup,2
cup_selected\002869.png,cup,2
cup_selected\002870.png,cup,2
cup_selected\002871.png,cup,0
cup_selected\002872.png,cup,2
cup_selected\002873.png,cup,2
cup_selected\002874.png,cup,1
cup_selected\002875.png,cup,1
cup_selected\002876.png,cup,1
cup_selected\002877.png,cup,1
cup_selected\002878.png,cup,1
cup_selected\002879.png,cup,1
cup_selected\002880.png,cup,0
cup_selected\002881.png,cup,1
cup_selected\002882.png,cup,2
cup_selected\002883.png,cup,2
cup_selected\002884.png,cup,1
cup_selected\002885.png,cup,2
cup_selected\002886.png,cup,1
cup_selected\002887.png,cup,0
cup_selected\002888.png,cup,1
cup_selected\002889.png,cup,2
cup_selected\002890.png,cup,1
cup_selected\002891.png,cup,0
cup_selected\002892.png,cup,2
cup_selected\002893.png,cup,2
cup_selected\002894.png,cup,1
cup_selected\002895.png,cup,1
cup_selected\002896.png,cup,2
cup_selected\002897.png,cup,1
cup_selected\002898.png,cup,2
cup_selected\002899.png,cup,2
cup_selected\002900.png,cup,2
cup_selected\002901.png,cup,1
cup_selected\002902.png,cup,1
cup_selected\002903.png,cup,0
cup_selected\002904.png,cup,2
cup_selected\002905.png,cup,1
cup_selected\002906.png,cup,0
cup_selected\002907.png,cup,1
cup_selected\002908.png,cup,2
cup_selected\002909.png,cup,1
cup_selected\002910.png,cup,2
cup_selected\002911.png,cup,0
cup_selected\002912.png,cup,2
cup_selected\002913.png,cup,2
cup_selected\002914.png,cup,2
cup_selected\002915.png,cup,1
cup_selected\002916.png,cup,1
cup_selected\002917.png,cup,1
cup_selected\002918.png,cup,2
cup_selected\002919.png,cup,1
cup_selected\002920.png,cup,1
cup_selected\002921.png,cup,1
cup_selected\002922.png,cup,2
cup_selected\002923.png,cup,2
cup_selected\002924.png,cup,1
cup_selected\002925.png,cup,2
cup_selected\002926.png,cup,2
cup_selected\002927.png,cup,1
cup_selected\002928.png,cup,0
cup_selected\002929.png,cup,1
cup_selected\002930.png,cup,2
cup_selected\002931.png,cup,2
cup_selected\002932.png,cup,0
cup_selected\002933.png,cup,1
cup_selected\002934.png,cup,1
cup_selected\002935.png,cup,1
cup_selected\002936.png,cup,1
cup_selected\002937.png,cup,1
cup_selected\002938.png,cup,1
cup_selected\002939.png,cup,1
cup_selected\002940.png,cup,2
cup_selected\002941.png,cup,1
cup_selected\002942.png,cup,2
cup_selected\002943.png,cup,1
cup_selected\002944.png,cup,1
cup_selected\002945.png,cup,1
cup_selected\002946.png,cup,0
cup_selected\002947.png,cup,0
cup_selected\002948.png,cup,1
cup_selected\002949.png,cup,2
cup_selected\002950.png,cup,1
cup_selected\002951.png,cup,2
cup_selected\002952.png,cup,1
cup_selected\002953.png,cup,1
cup_selected\002954.png,cup,2
cup_selected\002955.png,cup,1
cup_selected\002956.png,cup,2
cup_selected\002957.png,cup,1
cup_selected\002958.png,cup,1
cup_selected\002959.png,cup,1
cup_selected\002960.png,cup,1
cup_selected\002961.png,cup,1
cup_selected\002962.png,cup,2
cup_selected\002963.png,cup,2
cup_selected\002964.png,cup,1
cup_selected\002965.png,cup,0
cup_selected\002966.png,cup,0
cup_selected\002967.png,cup,1
cup_selected\002968.png,cup,2
cup_selected\002969.png,cup,2
cup_selected\002970.png,cup,2
cup_selected\002971.png,cup,2
cup_selected\002972.png,cup,2
cup_selected\002973.png,cup,1
cup_selected\002974.png,cup,2
cup_selected\002975.png,cup,1
cup_selected\002976.png,cup,2
cup_selected\002977.png,cup,1
cup_selected\002978.png,cup,1
cup_selected\002979.png,cup,2
cup_selected\002980.png,cup,1
cup_selected\002981.png,cup,0
cup_selected\002982.png,cup,0
cup_selected\002983.png,cup,2
cup_selected\002984.png,cup,2
cup_selected\002985.png,cup,1
cup_selected\002986.png,cup,2
cup_selected\002987.png,cup,2
cup_selected\002988.png,cup,1
cup_selected\002989.png,cup,2
cup_selected\002990.png,cup,1
cup_selected\002991.png,cup,1
cup_selected\002992.png,cup,0
cup_selected\002993.png,cup,2
cup_selected\002994.png,cup,2
cup_selected\002995.png,cup,1
cup_selected\002996.png,cup,2
cup_selected\002997.png,cup,1
cup_selected\002998.png,cup,2
cup_selected\002999.png,cup,2
